Entity,Code,Year,Annual number of fires
Afghanistan,AFG,2012,44
Afghanistan,AFG,2013,33
Afghanistan,AFG,2014,25
Afghanistan,AFG,2015,21
Afghanistan,AFG,2016,52
Afghanistan,AFG,2017,68
Afghanistan,AFG,2018,38
Afghanistan,AFG,2019,21
Afghanistan,AFG,2020,73
Afghanistan,AFG,2021,63
Afghanistan,AFG,2022,11
Afghanistan,AFG,2023,16
Afghanistan,AFG,2024,11
Afghanistan,AFG,2025,17
Afghanistan,AFG,2026,16
Africa,OWID_AFR,2012,550690
Africa,OWID_AFR,2013,616093
Africa,OWID_AFR,2014,581206
Africa,OWID_AFR,2015,625405
Africa,OWID_AFR,2016,634508
Africa,OWID_AFR,2017,586213
Africa,OWID_AFR,2018,517549
Africa,OWID_AFR,2019,560891
Africa,OWID_AFR,2020,594737
Africa,OWID_AFR,2021,581968
Africa,OWID_AFR,2022,558260
Africa,OWID_AFR,2023,535909
Africa,OWID_AFR,2024,547503
Africa,OWID_AFR,2025,522649
Africa,OWID_AFR,2026,154243
Akrotiri and Dhekelia,OWID_AKD,2012,1
Akrotiri and Dhekelia,OWID_AKD,2013,0
Akrotiri and Dhekelia,OWID_AKD,2014,0
Akrotiri and Dhekelia,OWID_AKD,2015,0
Akrotiri and Dhekelia,OWID_AKD,2016,2
Akrotiri and Dhekelia,OWID_AKD,2017,0
Akrotiri and Dhekelia,OWID_AKD,2018,1
Akrotiri and Dhekelia,OWID_AKD,2019,1
Akrotiri and Dhekelia,OWID_AKD,2020,0
Akrotiri and Dhekelia,OWID_AKD,2021,0
Akrotiri and Dhekelia,OWID_AKD,2022,1
Akrotiri and Dhekelia,OWID_AKD,2023,0
Akrotiri and Dhekelia,OWID_AKD,2024,0
Akrotiri and Dhekelia,OWID_AKD,2025,0
Akrotiri and Dhekelia,OWID_AKD,2026,0
Aland Islands,ALA,2012,0
Aland Islands,ALA,2013,0
Aland Islands,ALA,2014,0
Aland Islands,ALA,2015,0
Aland Islands,ALA,2016,0
Aland Islands,ALA,2017,0
Aland Islands,ALA,2018,0
Aland Islands,ALA,2019,0
Aland Islands,ALA,2020,0
Aland Islands,ALA,2021,0
Aland Islands,ALA,2022,0
Aland Islands,ALA,2023,0
Aland Islands,ALA,2024,0
Aland Islands,ALA,2025,0
Aland Islands,ALA,2026,0
Albania,ALB,2012,349
Albania,ALB,2013,46
Albania,ALB,2014,23
Albania,ALB,2015,81
Albania,ALB,2016,48
Albania,ALB,2017,263
Albania,ALB,2018,38
Albania,ALB,2019,113
Albania,ALB,2020,105
Albania,ALB,2021,98
Albania,ALB,2022,119
Albania,ALB,2023,34
Albania,ALB,2024,127
Albania,ALB,2025,121
Albania,ALB,2026,8
Algeria,DZA,2012,1400
Algeria,DZA,2013,405
Algeria,DZA,2014,891
Algeria,DZA,2015,350
Algeria,DZA,2016,562
Algeria,DZA,2017,669
Algeria,DZA,2018,162
Algeria,DZA,2019,497
Algeria,DZA,2020,772
Algeria,DZA,2021,308
Algeria,DZA,2022,261
Algeria,DZA,2023,263
Algeria,DZA,2024,131
Algeria,DZA,2025,197
Algeria,DZA,2026,39
American Samoa,ASM,2012,0
American Samoa,ASM,2013,0
American Samoa,ASM,2014,0
American Samoa,ASM,2015,0
American Samoa,ASM,2016,0
American Samoa,ASM,2017,0
American Samoa,ASM,2018,0
American Samoa,ASM,2019,0
American Samoa,ASM,2020,0
American Samoa,ASM,2021,0
American Samoa,ASM,2022,0
American Samoa,ASM,2023,0
American Samoa,ASM,2024,0
American Samoa,ASM,2025,0
American Samoa,ASM,2026,0
Andorra,AND,2012,0
Andorra,AND,2013,0
Andorra,AND,2014,0
Andorra,AND,2015,0
Andorra,AND,2016,0
Andorra,AND,2017,0
Andorra,AND,2018,0
Andorra,AND,2019,0
Andorra,AND,2020,0
Andorra,AND,2021,0
Andorra,AND,2022,0
Andorra,AND,2023,0
Andorra,AND,2024,0
Andorra,AND,2025,0
Andorra,AND,2026,0
Angola,AGO,2012,80747
Angola,AGO,2013,87783
Angola,AGO,2014,80580
Angola,AGO,2015,90023
Angola,AGO,2016,90613
Angola,AGO,2017,86474
Angola,AGO,2018,80657
Angola,AGO,2019,89843
Angola,AGO,2020,78627
Angola,AGO,2021,74686
Angola,AGO,2022,81254
Angola,AGO,2023,86649
Angola,AGO,2024,88982
Angola,AGO,2025,75128
Angola,AGO,2026,1719
Anguilla,AIA,2012,0
Anguilla,AIA,2013,0
Anguilla,AIA,2014,0
Anguilla,AIA,2015,0
Anguilla,AIA,2016,0
Anguilla,AIA,2017,0
Anguilla,AIA,2018,0
Anguilla,AIA,2019,0
Anguilla,AIA,2020,0
Anguilla,AIA,2021,0
Anguilla,AIA,2022,0
Anguilla,AIA,2023,0
Anguilla,AIA,2024,0
Anguilla,AIA,2025,0
Anguilla,AIA,2026,0
Antigua and Barbuda,ATG,2012,0
Antigua and Barbuda,ATG,2013,1
Antigua and Barbuda,ATG,2014,1
Antigua and Barbuda,ATG,2015,0
Antigua and Barbuda,ATG,2016,1
Antigua and Barbuda,ATG,2017,0
Antigua and Barbuda,ATG,2018,2
Antigua and Barbuda,ATG,2019,0
Antigua and Barbuda,ATG,2020,0
Antigua and Barbuda,ATG,2021,1
Antigua and Barbuda,ATG,2022,0
Antigua and Barbuda,ATG,2023,1
Antigua and Barbuda,ATG,2024,0
Antigua and Barbuda,ATG,2025,0
Antigua and Barbuda,ATG,2026,3
Argentina,ARG,2012,10653
Argentina,ARG,2013,11301
Argentina,ARG,2014,6088
Argentina,ARG,2015,8195
Argentina,ARG,2016,9006
Argentina,ARG,2017,9741
Argentina,ARG,2018,9261
Argentina,ARG,2019,8750
Argentina,ARG,2020,21882
Argentina,ARG,2021,10297
Argentina,ARG,2022,12670
Argentina,ARG,2023,6785
Argentina,ARG,2024,7744
Argentina,ARG,2025,8254
Argentina,ARG,2026,1695
Armenia,ARM,2012,76
Armenia,ARM,2013,88
Armenia,ARM,2014,39
Armenia,ARM,2015,39
Armenia,ARM,2016,69
Armenia,ARM,2017,83
Armenia,ARM,2018,121
Armenia,ARM,2019,80
Armenia,ARM,2020,17
Armenia,ARM,2021,19
Armenia,ARM,2022,63
Armenia,ARM,2023,26
Armenia,ARM,2024,10
Armenia,ARM,2025,91
Armenia,ARM,2026,4
Aruba,ABW,2012,0
Aruba,ABW,2013,0
Aruba,ABW,2014,0
Aruba,ABW,2015,0
Aruba,ABW,2016,0
Aruba,ABW,2017,0
Aruba,ABW,2018,0
Aruba,ABW,2019,0
Aruba,ABW,2020,0
Aruba,ABW,2021,0
Aruba,ABW,2022,0
Aruba,ABW,2023,0
Aruba,ABW,2024,0
Aruba,ABW,2025,0
Aruba,ABW,2026,0
Asia,OWID_ASI,2012,108572
Asia,OWID_ASI,2013,102408
Asia,OWID_ASI,2014,126864
Asia,OWID_ASI,2015,131922
Asia,OWID_ASI,2016,107652
Asia,OWID_ASI,2017,91649
Asia,OWID_ASI,2018,78349
Asia,OWID_ASI,2019,115286
Asia,OWID_ASI,2020,101004
Asia,OWID_ASI,2021,98092
Asia,OWID_ASI,2022,75981
Asia,OWID_ASI,2023,92190
Asia,OWID_ASI,2024,72596
Asia,OWID_ASI,2025,74409
Asia,OWID_ASI,2026,78385
Australia,AUS,2012,53168
Australia,AUS,2013,30837
Australia,AUS,2014,38206
Australia,AUS,2015,36940
Australia,AUS,2016,31234
Australia,AUS,2017,45867
Australia,AUS,2018,41031
Australia,AUS,2019,32681
Australia,AUS,2020,26634
Australia,AUS,2021,36099
Australia,AUS,2022,35263
Australia,AUS,2023,48199
Australia,AUS,2024,37923
Australia,AUS,2025,40704
Australia,AUS,2026,11138
Austria,AUT,2012,3
Austria,AUT,2013,3
Austria,AUT,2014,5
Austria,AUT,2015,2
Austria,AUT,2016,0
Austria,AUT,2017,4
Austria,AUT,2018,3
Austria,AUT,2019,7
Austria,AUT,2020,0
Austria,AUT,2021,4
Austria,AUT,2022,5
Austria,AUT,2023,2
Austria,AUT,2024,8
Austria,AUT,2025,7
Austria,AUT,2026,10
Azerbaijan,AZE,2012,245
Azerbaijan,AZE,2013,258
Azerbaijan,AZE,2014,151
Azerbaijan,AZE,2015,515
Azerbaijan,AZE,2016,326
Azerbaijan,AZE,2017,303
Azerbaijan,AZE,2018,329
Azerbaijan,AZE,2019,452
Azerbaijan,AZE,2020,208
Azerbaijan,AZE,2021,213
Azerbaijan,AZE,2022,178
Azerbaijan,AZE,2023,60
Azerbaijan,AZE,2024,51
Azerbaijan,AZE,2025,125
Azerbaijan,AZE,2026,35
Bahamas,BHS,2012,44
Bahamas,BHS,2013,81
Bahamas,BHS,2014,41
Bahamas,BHS,2015,35
Bahamas,BHS,2016,66
Bahamas,BHS,2017,94
Bahamas,BHS,2018,34
Bahamas,BHS,2019,44
Bahamas,BHS,2020,57
Bahamas,BHS,2021,55
Bahamas,BHS,2022,24
Bahamas,BHS,2023,40
Bahamas,BHS,2024,41
Bahamas,BHS,2025,103
Bahamas,BHS,2026,41
Bahrain,BHR,2012,0
Bahrain,BHR,2013,0
Bahrain,BHR,2014,0
Bahrain,BHR,2015,0
Bahrain,BHR,2016,0
Bahrain,BHR,2017,0
Bahrain,BHR,2018,0
Bahrain,BHR,2019,0
Bahrain,BHR,2020,0
Bahrain,BHR,2021,0
Bahrain,BHR,2022,0
Bahrain,BHR,2023,0
Bahrain,BHR,2024,0
Bahrain,BHR,2025,0
Bahrain,BHR,2026,0
Bangladesh,BGD,2012,602
Bangladesh,BGD,2013,664
Bangladesh,BGD,2014,706
Bangladesh,BGD,2015,438
Bangladesh,BGD,2016,456
Bangladesh,BGD,2017,428
Bangladesh,BGD,2018,526
Bangladesh,BGD,2019,561
Bangladesh,BGD,2020,600
Bangladesh,BGD,2021,625
Bangladesh,BGD,2022,451
Bangladesh,BGD,2023,498
Bangladesh,BGD,2024,396
Bangladesh,BGD,2025,495
Bangladesh,BGD,2026,431
Barbados,BRB,2012,0
Barbados,BRB,2013,0
Barbados,BRB,2014,1
Barbados,BRB,2015,0
Barbados,BRB,2016,1
Barbados,BRB,2017,0
Barbados,BRB,2018,1
Barbados,BRB,2019,0
Barbados,BRB,2020,0
Barbados,BRB,2021,0
Barbados,BRB,2022,0
Barbados,BRB,2023,0
Barbados,BRB,2024,0
Barbados,BRB,2025,0
Barbados,BRB,2026,0
Belarus,BLR,2012,196
Belarus,BLR,2013,109
Belarus,BLR,2014,533
Belarus,BLR,2015,606
Belarus,BLR,2016,95
Belarus,BLR,2017,158
Belarus,BLR,2018,179
Belarus,BLR,2019,371
Belarus,BLR,2020,273
Belarus,BLR,2021,97
Belarus,BLR,2022,126
Belarus,BLR,2023,33
Belarus,BLR,2024,37
Belarus,BLR,2025,116
Belarus,BLR,2026,61
Belgium,BEL,2012,0
Belgium,BEL,2013,2
Belgium,BEL,2014,4
Belgium,BEL,2015,1
Belgium,BEL,2016,2
Belgium,BEL,2017,0
Belgium,BEL,2018,2
Belgium,BEL,2019,4
Belgium,BEL,2020,1
Belgium,BEL,2021,3
Belgium,BEL,2022,4
Belgium,BEL,2023,2
Belgium,BEL,2024,0
Belgium,BEL,2025,4
Belgium,BEL,2026,2
Belize,BLZ,2012,248
Belize,BLZ,2013,608
Belize,BLZ,2014,294
Belize,BLZ,2015,481
Belize,BLZ,2016,325
Belize,BLZ,2017,328
Belize,BLZ,2018,232
Belize,BLZ,2019,570
Belize,BLZ,2020,396
Belize,BLZ,2021,303
Belize,BLZ,2022,298
Belize,BLZ,2023,668
Belize,BLZ,2024,382
Belize,BLZ,2025,219
Belize,BLZ,2026,286
Benin,BEN,2012,3509
Benin,BEN,2013,4456
Benin,BEN,2014,3869
Benin,BEN,2015,3698
Benin,BEN,2016,3583
Benin,BEN,2017,3606
Benin,BEN,2018,1469
Benin,BEN,2019,2845
Benin,BEN,2020,2933
Benin,BEN,2021,2598
Benin,BEN,2022,2145
Benin,BEN,2023,1751
Benin,BEN,2024,1734
Benin,BEN,2025,1845
Benin,BEN,2026,1504
Bermuda,BMU,2012,0
Bermuda,BMU,2013,0
Bermuda,BMU,2014,0
Bermuda,BMU,2015,0
Bermuda,BMU,2016,0
Bermuda,BMU,2017,0
Bermuda,BMU,2018,0
Bermuda,BMU,2019,0
Bermuda,BMU,2020,0
Bermuda,BMU,2021,0
Bermuda,BMU,2022,0
Bermuda,BMU,2023,0
Bermuda,BMU,2024,0
Bermuda,BMU,2025,0
Bermuda,BMU,2026,0
Bhutan,BTN,2012,74
Bhutan,BTN,2013,43
Bhutan,BTN,2014,71
Bhutan,BTN,2015,39
Bhutan,BTN,2016,31
Bhutan,BTN,2017,46
Bhutan,BTN,2018,19
Bhutan,BTN,2019,16
Bhutan,BTN,2020,24
Bhutan,BTN,2021,38
Bhutan,BTN,2022,26
Bhutan,BTN,2023,34
Bhutan,BTN,2024,27
Bhutan,BTN,2025,31
Bhutan,BTN,2026,11
Bolivia,BOL,2012,8008
Bolivia,BOL,2013,6837
Bolivia,BOL,2014,6317
Bolivia,BOL,2015,7963
Bolivia,BOL,2016,12747
Bolivia,BOL,2017,10600
Bolivia,BOL,2018,11227
Bolivia,BOL,2019,12364
Bolivia,BOL,2020,13152
Bolivia,BOL,2021,11976
Bolivia,BOL,2022,15098
Bolivia,BOL,2023,13672
Bolivia,BOL,2024,14234
Bolivia,BOL,2025,7359
Bolivia,BOL,2026,541
Bonaire Sint Eustatius and Saba,BES,2012,0
Bonaire Sint Eustatius and Saba,BES,2013,0
Bonaire Sint Eustatius and Saba,BES,2014,0
Bonaire Sint Eustatius and Saba,BES,2015,0
Bonaire Sint Eustatius and Saba,BES,2016,0
Bonaire Sint Eustatius and Saba,BES,2017,0
Bonaire Sint Eustatius and Saba,BES,2018,0
Bonaire Sint Eustatius and Saba,BES,2019,0
Bonaire Sint Eustatius and Saba,BES,2020,0
Bonaire Sint Eustatius and Saba,BES,2021,0
Bonaire Sint Eustatius and Saba,BES,2022,0
Bonaire Sint Eustatius and Saba,BES,2023,0
Bonaire Sint Eustatius and Saba,BES,2024,1
Bonaire Sint Eustatius and Saba,BES,2025,0
Bonaire Sint Eustatius and Saba,BES,2026,0
Bosnia and Herzegovina,BIH,2012,469
Bosnia and Herzegovina,BIH,2013,39
Bosnia and Herzegovina,BIH,2014,57
Bosnia and Herzegovina,BIH,2015,144
Bosnia and Herzegovina,BIH,2016,150
Bosnia and Herzegovina,BIH,2017,269
Bosnia and Herzegovina,BIH,2018,45
Bosnia and Herzegovina,BIH,2019,172
Bosnia and Herzegovina,BIH,2020,294
Bosnia and Herzegovina,BIH,2021,143
Bosnia and Herzegovina,BIH,2022,285
Bosnia and Herzegovina,BIH,2023,30
Bosnia and Herzegovina,BIH,2024,103
Bosnia and Herzegovina,BIH,2025,80
Bosnia and Herzegovina,BIH,2026,86
Botswana,BWA,2012,2063
Botswana,BWA,2013,2008
Botswana,BWA,2014,1341
Botswana,BWA,2015,1417
Botswana,BWA,2016,990
Botswana,BWA,2017,2192
Botswana,BWA,2018,1427
Botswana,BWA,2019,1017
Botswana,BWA,2020,1472
Botswana,BWA,2021,4288
Botswana,BWA,2022,3149
Botswana,BWA,2023,4335
Botswana,BWA,2024,1237
Botswana,BWA,2025,1130
Botswana,BWA,2026,25
Bouvet Island,BVT,2012,0
Bouvet Island,BVT,2013,0
Bouvet Island,BVT,2014,0
Bouvet Island,BVT,2015,0
Bouvet Island,BVT,2016,0
Bouvet Island,BVT,2017,0
Bouvet Island,BVT,2018,0
Bouvet Island,BVT,2019,0
Bouvet Island,BVT,2020,0
Bouvet Island,BVT,2021,0
Bouvet Island,BVT,2022,0
Bouvet Island,BVT,2023,0
Bouvet Island,BVT,2024,0
Bouvet Island,BVT,2025,0
Bouvet Island,BVT,2026,0
Brazil,BRA,2012,73822
Brazil,BRA,2013,47924
Brazil,BRA,2014,66028
Brazil,BRA,2015,87580
Brazil,BRA,2016,66747
Brazil,BRA,2017,72135
Brazil,BRA,2018,56158
Brazil,BRA,2019,65199
Brazil,BRA,2020,68723
Brazil,BRA,2021,59470
Brazil,BRA,2022,72406
Brazil,BRA,2023,65585
Brazil,BRA,2024,67389
Brazil,BRA,2025,43858
Brazil,BRA,2026,4385
British Indian Ocean Territory,IOT,2012,0
British Indian Ocean Territory,IOT,2013,0
British Indian Ocean Territory,IOT,2014,0
British Indian Ocean Territory,IOT,2015,0
British Indian Ocean Territory,IOT,2016,0
British Indian Ocean Territory,IOT,2017,0
British Indian Ocean Territory,IOT,2018,0
British Indian Ocean Territory,IOT,2019,0
British Indian Ocean Territory,IOT,2020,0
British Indian Ocean Territory,IOT,2021,0
British Indian Ocean Territory,IOT,2022,0
British Indian Ocean Territory,IOT,2023,0
British Indian Ocean Territory,IOT,2024,0
British Indian Ocean Territory,IOT,2025,0
British Indian Ocean Territory,IOT,2026,0
British Virgin Islands,VGB,2012,0
British Virgin Islands,VGB,2013,0
British Virgin Islands,VGB,2014,0
British Virgin Islands,VGB,2015,0
British Virgin Islands,VGB,2016,0
British Virgin Islands,VGB,2017,1
British Virgin Islands,VGB,2018,2
British Virgin Islands,VGB,2019,0
British Virgin Islands,VGB,2020,1
British Virgin Islands,VGB,2021,0
British Virgin Islands,VGB,2022,0
British Virgin Islands,VGB,2023,0
British Virgin Islands,VGB,2024,0
British Virgin Islands,VGB,2025,0
British Virgin Islands,VGB,2026,0
Brunei,BRN,2012,6
Brunei,BRN,2013,1
Brunei,BRN,2014,3
Brunei,BRN,2015,11
Brunei,BRN,2016,16
Brunei,BRN,2017,0
Brunei,BRN,2018,1
Brunei,BRN,2019,5
Brunei,BRN,2020,7
Brunei,BRN,2021,7
Brunei,BRN,2022,5
Brunei,BRN,2023,3
Brunei,BRN,2024,5
Brunei,BRN,2025,0
Brunei,BRN,2026,5
Bulgaria,BGR,2012,764
Bulgaria,BGR,2013,450
Bulgaria,BGR,2014,264
Bulgaria,BGR,2015,316
Bulgaria,BGR,2016,515
Bulgaria,BGR,2017,558
Bulgaria,BGR,2018,667
Bulgaria,BGR,2019,743
Bulgaria,BGR,2020,167
Bulgaria,BGR,2021,136
Bulgaria,BGR,2022,215
Bulgaria,BGR,2023,126
Bulgaria,BGR,2024,152
Bulgaria,BGR,2025,97
Bulgaria,BGR,2026,21
Burkina Faso,BFA,2012,3097
Burkina Faso,BFA,2013,4190
Burkina Faso,BFA,2014,3579
Burkina Faso,BFA,2015,3219
Burkina Faso,BFA,2016,3829
Burkina Faso,BFA,2017,3843
Burkina Faso,BFA,2018,1392
Burkina Faso,BFA,2019,2959
Burkina Faso,BFA,2020,3257
Burkina Faso,BFA,2021,3799
Burkina Faso,BFA,2022,2614
Burkina Faso,BFA,2023,3812
Burkina Faso,BFA,2024,5070
Burkina Faso,BFA,2025,5108
Burkina Faso,BFA,2026,2259
Burundi,BDI,2012,179
Burundi,BDI,2013,291
Burundi,BDI,2014,170
Burundi,BDI,2015,373
Burundi,BDI,2016,324
Burundi,BDI,2017,159
Burundi,BDI,2018,101
Burundi,BDI,2019,157
Burundi,BDI,2020,192
Burundi,BDI,2021,124
Burundi,BDI,2022,127
Burundi,BDI,2023,106
Burundi,BDI,2024,168
Burundi,BDI,2025,152
Burundi,BDI,2026,1
Cambodia,KHM,2012,6063
Cambodia,KHM,2013,10517
Cambodia,KHM,2014,9775
Cambodia,KHM,2015,12149
Cambodia,KHM,2016,11699
Cambodia,KHM,2017,6863
Cambodia,KHM,2018,4819
Cambodia,KHM,2019,10056
Cambodia,KHM,2020,11572
Cambodia,KHM,2021,8862
Cambodia,KHM,2022,5642
Cambodia,KHM,2023,5812
Cambodia,KHM,2024,7750
Cambodia,KHM,2025,5796
Cambodia,KHM,2026,6921
Cameroon,CMR,2012,9190
Cameroon,CMR,2013,9694
Cameroon,CMR,2014,9924
Cameroon,CMR,2015,10100
Cameroon,CMR,2016,11569
Cameroon,CMR,2017,11657
Cameroon,CMR,2018,6918
Cameroon,CMR,2019,10255
Cameroon,CMR,2020,13604
Cameroon,CMR,2021,12705
Cameroon,CMR,2022,11434
Cameroon,CMR,2023,10260
Cameroon,CMR,2024,9364
Cameroon,CMR,2025,10636
Cameroon,CMR,2026,7893
Canada,CAN,2012,3511
Canada,CAN,2013,5240
Canada,CAN,2014,5663
Canada,CAN,2015,5445
Canada,CAN,2016,3295
Canada,CAN,2017,5407
Canada,CAN,2018,3951
Canada,CAN,2019,2743
Canada,CAN,2020,2339
Canada,CAN,2021,5124
Canada,CAN,2022,2783
Canada,CAN,2023,13624
Canada,CAN,2024,4965
Canada,CAN,2025,8631
Canada,CAN,2026,606
Cape Verde,CPV,2012,1
Cape Verde,CPV,2013,0
Cape Verde,CPV,2014,7
Cape Verde,CPV,2015,7
Cape Verde,CPV,2016,0
Cape Verde,CPV,2017,0
Cape Verde,CPV,2018,1
Cape Verde,CPV,2019,0
Cape Verde,CPV,2020,0
Cape Verde,CPV,2021,0
Cape Verde,CPV,2022,1
Cape Verde,CPV,2023,2
Cape Verde,CPV,2024,0
Cape Verde,CPV,2025,2
Cape Verde,CPV,2026,2
Cayman Islands,CYM,2012,0
Cayman Islands,CYM,2013,0
Cayman Islands,CYM,2014,0
Cayman Islands,CYM,2015,0
Cayman Islands,CYM,2016,0
Cayman Islands,CYM,2017,0
Cayman Islands,CYM,2018,0
Cayman Islands,CYM,2019,0
Cayman Islands,CYM,2020,0
Cayman Islands,CYM,2021,0
Cayman Islands,CYM,2022,0
Cayman Islands,CYM,2023,1
Cayman Islands,CYM,2024,0
Cayman Islands,CYM,2025,0
Cayman Islands,CYM,2026,1
Central African Republic,CAF,2012,27583
Central African Republic,CAF,2013,35872
Central African Republic,CAF,2014,39127
Central African Republic,CAF,2015,43772
Central African Republic,CAF,2016,45886
Central African Republic,CAF,2017,38244
Central African Republic,CAF,2018,31372
Central African Republic,CAF,2019,34416
Central African Republic,CAF,2020,41577
Central African Republic,CAF,2021,37691
Central African Republic,CAF,2022,37902
Central African Republic,CAF,2023,27725
Central African Republic,CAF,2024,31059
Central African Republic,CAF,2025,27362
Central African Republic,CAF,2026,19645
Chad,TCD,2012,13672
Chad,TCD,2013,14515
Chad,TCD,2014,12424
Chad,TCD,2015,12392
Chad,TCD,2016,15581
Chad,TCD,2017,12647
Chad,TCD,2018,8176
Chad,TCD,2019,11508
Chad,TCD,2020,13953
Chad,TCD,2021,15412
Chad,TCD,2022,10132
Chad,TCD,2023,11174
Chad,TCD,2024,9849
Chad,TCD,2025,12021
Chad,TCD,2026,5768
Chile,CHL,2012,938
Chile,CHL,2013,1080
Chile,CHL,2014,961
Chile,CHL,2015,1391
Chile,CHL,2016,1069
Chile,CHL,2017,1191
Chile,CHL,2018,1070
Chile,CHL,2019,983
Chile,CHL,2020,1025
Chile,CHL,2021,966
Chile,CHL,2022,1049
Chile,CHL,2023,929
Chile,CHL,2024,706
Chile,CHL,2025,966
Chile,CHL,2026,842
China,CHN,2012,9252
China,CHN,2013,13128
China,CHN,2014,19183
China,CHN,2015,15761
China,CHN,2016,10221
China,CHN,2017,13453
China,CHN,2018,6719
China,CHN,2019,9658
China,CHN,2020,9284
China,CHN,2021,8486
China,CHN,2022,9006
China,CHN,2023,8619
China,CHN,2024,9399
China,CHN,2025,11758
China,CHN,2026,10154
Christmas Island,CXR,2012,0
Christmas Island,CXR,2013,0
Christmas Island,CXR,2014,0
Christmas Island,CXR,2015,0
Christmas Island,CXR,2016,0
Christmas Island,CXR,2017,0
Christmas Island,CXR,2018,0
Christmas Island,CXR,2019,0
Christmas Island,CXR,2020,0
Christmas Island,CXR,2021,0
Christmas Island,CXR,2022,0
Christmas Island,CXR,2023,0
Christmas Island,CXR,2024,0
Christmas Island,CXR,2025,0
Christmas Island,CXR,2026,0
Cocos Islands,CCK,2012,0
Cocos Islands,CCK,2013,0
Cocos Islands,CCK,2014,0
Cocos Islands,CCK,2015,0
Cocos Islands,CCK,2016,0
Cocos Islands,CCK,2017,0
Cocos Islands,CCK,2018,0
Cocos Islands,CCK,2019,0
Cocos Islands,CCK,2020,0
Cocos Islands,CCK,2021,0
Cocos Islands,CCK,2022,0
Cocos Islands,CCK,2023,0
Cocos Islands,CCK,2024,0
Cocos Islands,CCK,2025,0
Cocos Islands,CCK,2026,0
Colombia,COL,2012,4935
Colombia,COL,2013,5650
Colombia,COL,2014,7110
Colombia,COL,2015,6069
Colombia,COL,2016,7526
Colombia,COL,2017,5026
Colombia,COL,2018,3780
Colombia,COL,2019,6445
Colombia,COL,2020,9005
Colombia,COL,2021,5287
Colombia,COL,2022,7121
Colombia,COL,2023,6275
Colombia,COL,2024,5482
Colombia,COL,2025,6430
Colombia,COL,2026,6424
Comoros,COM,2012,5
Comoros,COM,2013,12
Comoros,COM,2014,8
Comoros,COM,2015,25
Comoros,COM,2016,5
Comoros,COM,2017,11
Comoros,COM,2018,16
Comoros,COM,2019,17
Comoros,COM,2020,4
Comoros,COM,2021,9
Comoros,COM,2022,2
Comoros,COM,2023,4
Comoros,COM,2024,20
Comoros,COM,2025,5
Comoros,COM,2026,1
Congo,COG,2012,5338
Congo,COG,2013,6307
Congo,COG,2014,4960
Congo,COG,2015,5818
Congo,COG,2016,5854
Congo,COG,2017,4798
Congo,COG,2018,5662
Congo,COG,2019,5092
Congo,COG,2020,5602
Congo,COG,2021,4719
Congo,COG,2022,5975
Congo,COG,2023,4552
Congo,COG,2024,6576
Congo,COG,2025,5633
Congo,COG,2026,1164
Cook Islands,COK,2012,0
Cook Islands,COK,2013,0
Cook Islands,COK,2014,0
Cook Islands,COK,2015,0
Cook Islands,COK,2016,0
Cook Islands,COK,2017,0
Cook Islands,COK,2018,0
Cook Islands,COK,2019,0
Cook Islands,COK,2020,0
Cook Islands,COK,2021,0
Cook Islands,COK,2022,0
Cook Islands,COK,2023,0
Cook Islands,COK,2024,0
Cook Islands,COK,2025,0
Cook Islands,COK,2026,0
Costa Rica,CRI,2012,260
Costa Rica,CRI,2013,468
Costa Rica,CRI,2014,328
Costa Rica,CRI,2015,333
Costa Rica,CRI,2016,358
Costa Rica,CRI,2017,224
Costa Rica,CRI,2018,198
Costa Rica,CRI,2019,319
Costa Rica,CRI,2020,314
Costa Rica,CRI,2021,106
Costa Rica,CRI,2022,281
Costa Rica,CRI,2023,190
Costa Rica,CRI,2024,271
Costa Rica,CRI,2025,135
Costa Rica,CRI,2026,574
Cote d'Ivoire,CIV,2012,6173
Cote d'Ivoire,CIV,2013,10270
Cote d'Ivoire,CIV,2014,6946
Cote d'Ivoire,CIV,2015,7412
Cote d'Ivoire,CIV,2016,7471
Cote d'Ivoire,CIV,2017,5842
Cote d'Ivoire,CIV,2018,3596
Cote d'Ivoire,CIV,2019,4783
Cote d'Ivoire,CIV,2020,5885
Cote d'Ivoire,CIV,2021,4438
Cote d'Ivoire,CIV,2022,4805
Cote d'Ivoire,CIV,2023,3370
Cote d'Ivoire,CIV,2024,4576
Cote d'Ivoire,CIV,2025,2827
Cote d'Ivoire,CIV,2026,2420
Croatia,HRV,2012,184
Croatia,HRV,2013,20
Croatia,HRV,2014,26
Croatia,HRV,2015,54
Croatia,HRV,2016,52
Croatia,HRV,2017,164
Croatia,HRV,2018,47
Croatia,HRV,2019,92
Croatia,HRV,2020,44
Croatia,HRV,2021,41
Croatia,HRV,2022,121
Croatia,HRV,2023,8
Croatia,HRV,2024,20
Croatia,HRV,2025,14
Croatia,HRV,2026,16
Cuba,CUB,2012,1213
Cuba,CUB,2013,1472
Cuba,CUB,2014,1045
Cuba,CUB,2015,1810
Cuba,CUB,2016,978
Cuba,CUB,2017,1705
Cuba,CUB,2018,623
Cuba,CUB,2019,1079
Cuba,CUB,2020,2511
Cuba,CUB,2021,1664
Cuba,CUB,2022,1372
Cuba,CUB,2023,2608
Cuba,CUB,2024,1468
Cuba,CUB,2025,3939
Cuba,CUB,2026,3275
Curacao,CUW,2012,3
Curacao,CUW,2013,1
Curacao,CUW,2014,0
Curacao,CUW,2015,1
Curacao,CUW,2016,0
Curacao,CUW,2017,0
Curacao,CUW,2018,0
Curacao,CUW,2019,0
Curacao,CUW,2020,0
Curacao,CUW,2021,0
Curacao,CUW,2022,0
Curacao,CUW,2023,0
Curacao,CUW,2024,0
Curacao,CUW,2025,0
Curacao,CUW,2026,0
Cyprus,CYP,2012,13
Cyprus,CYP,2013,9
Cyprus,CYP,2014,1
Cyprus,CYP,2015,7
Cyprus,CYP,2016,4
Cyprus,CYP,2017,3
Cyprus,CYP,2018,8
Cyprus,CYP,2019,4
Cyprus,CYP,2020,3
Cyprus,CYP,2021,9
Cyprus,CYP,2022,3
Cyprus,CYP,2023,4
Cyprus,CYP,2024,6
Cyprus,CYP,2025,4
Cyprus,CYP,2026,0
Czechia,CZE,2012,4
Czechia,CZE,2013,1
Czechia,CZE,2014,6
Czechia,CZE,2015,3
Czechia,CZE,2016,1
Czechia,CZE,2017,3
Czechia,CZE,2018,4
Czechia,CZE,2019,1
Czechia,CZE,2020,14
Czechia,CZE,2021,4
Czechia,CZE,2022,1
Czechia,CZE,2023,2
Czechia,CZE,2024,2
Czechia,CZE,2025,1
Czechia,CZE,2026,1
Democratic Republic of Congo,COD,2012,99567
Democratic Republic of Congo,COD,2013,115477
Democratic Republic of Congo,COD,2014,107129
Democratic Republic of Congo,COD,2015,117472
Democratic Republic of Congo,COD,2016,127065
Democratic Republic of Congo,COD,2017,113901
Democratic Republic of Congo,COD,2018,108370
Democratic Republic of Congo,COD,2019,111421
Democratic Republic of Congo,COD,2020,118130
Democratic Republic of Congo,COD,2021,113556
Democratic Republic of Congo,COD,2022,118522
Democratic Republic of Congo,COD,2023,107249
Democratic Republic of Congo,COD,2024,115206
Democratic Republic of Congo,COD,2025,104888
Democratic Republic of Congo,COD,2026,17451
Denmark,DNK,2012,4
Denmark,DNK,2013,3
Denmark,DNK,2014,4
Denmark,DNK,2015,7
Denmark,DNK,2016,1
Denmark,DNK,2017,4
Denmark,DNK,2018,7
Denmark,DNK,2019,0
Denmark,DNK,2020,0
Denmark,DNK,2021,4
Denmark,DNK,2022,11
Denmark,DNK,2023,5
Denmark,DNK,2024,0
Denmark,DNK,2025,13
Denmark,DNK,2026,9
Djibouti,DJI,2012,0
Djibouti,DJI,2013,0
Djibouti,DJI,2014,0
Djibouti,DJI,2015,0
Djibouti,DJI,2016,1
Djibouti,DJI,2017,1
Djibouti,DJI,2018,2
Djibouti,DJI,2019,1
Djibouti,DJI,2020,1
Djibouti,DJI,2021,1
Djibouti,DJI,2022,0
Djibouti,DJI,2023,0
Djibouti,DJI,2024,0
Djibouti,DJI,2025,1
Djibouti,DJI,2026,1
Dominica,DMA,2012,0
Dominica,DMA,2013,0
Dominica,DMA,2014,0
Dominica,DMA,2015,0
Dominica,DMA,2016,0
Dominica,DMA,2017,1
Dominica,DMA,2018,0
Dominica,DMA,2019,1
Dominica,DMA,2020,1
Dominica,DMA,2021,1
Dominica,DMA,2022,0
Dominica,DMA,2023,1
Dominica,DMA,2024,0
Dominica,DMA,2025,1
Dominica,DMA,2026,1
Dominican Republic,DOM,2012,248
Dominican Republic,DOM,2013,372
Dominican Republic,DOM,2014,252
Dominican Republic,DOM,2015,313
Dominican Republic,DOM,2016,130
Dominican Republic,DOM,2017,95
Dominican Republic,DOM,2018,176
Dominican Republic,DOM,2019,209
Dominican Republic,DOM,2020,207
Dominican Republic,DOM,2021,212
Dominican Republic,DOM,2022,154
Dominican Republic,DOM,2023,475
Dominican Republic,DOM,2024,149
Dominican Republic,DOM,2025,321
Dominican Republic,DOM,2026,434
East Timor,TLS,2012,221
East Timor,TLS,2013,69
East Timor,TLS,2014,341
East Timor,TLS,2015,204
East Timor,TLS,2016,27
East Timor,TLS,2017,180
East Timor,TLS,2018,444
East Timor,TLS,2019,271
East Timor,TLS,2020,140
East Timor,TLS,2021,49
East Timor,TLS,2022,22
East Timor,TLS,2023,243
East Timor,TLS,2024,61
East Timor,TLS,2025,72
East Timor,TLS,2026,0
Ecuador,ECU,2012,814
Ecuador,ECU,2013,810
Ecuador,ECU,2014,549
Ecuador,ECU,2015,419
Ecuador,ECU,2016,1128
Ecuador,ECU,2017,445
Ecuador,ECU,2018,727
Ecuador,ECU,2019,554
Ecuador,ECU,2020,1095
Ecuador,ECU,2021,555
Ecuador,ECU,2022,855
Ecuador,ECU,2023,324
Ecuador,ECU,2024,879
Ecuador,ECU,2025,865
Ecuador,ECU,2026,68
Egypt,EGY,2012,57
Egypt,EGY,2013,92
Egypt,EGY,2014,89
Egypt,EGY,2015,60
Egypt,EGY,2016,107
Egypt,EGY,2017,105
Egypt,EGY,2018,54
Egypt,EGY,2019,45
Egypt,EGY,2020,66
Egypt,EGY,2021,98
Egypt,EGY,2022,93
Egypt,EGY,2023,95
Egypt,EGY,2024,67
Egypt,EGY,2025,63
Egypt,EGY,2026,20
El Salvador,SLV,2012,131
El Salvador,SLV,2013,384
El Salvador,SLV,2014,197
El Salvador,SLV,2015,382
El Salvador,SLV,2016,153
El Salvador,SLV,2017,358
El Salvador,SLV,2018,188
El Salvador,SLV,2019,241
El Salvador,SLV,2020,245
El Salvador,SLV,2021,88
El Salvador,SLV,2022,212
El Salvador,SLV,2023,153
El Salvador,SLV,2024,82
El Salvador,SLV,2025,88
El Salvador,SLV,2026,443
Equatorial Guinea,GNQ,2012,6
Equatorial Guinea,GNQ,2013,14
Equatorial Guinea,GNQ,2014,21
Equatorial Guinea,GNQ,2015,29
Equatorial Guinea,GNQ,2016,13
Equatorial Guinea,GNQ,2017,7
Equatorial Guinea,GNQ,2018,8
Equatorial Guinea,GNQ,2019,14
Equatorial Guinea,GNQ,2020,17
Equatorial Guinea,GNQ,2021,15
Equatorial Guinea,GNQ,2022,15
Equatorial Guinea,GNQ,2023,18
Equatorial Guinea,GNQ,2024,12
Equatorial Guinea,GNQ,2025,10
Equatorial Guinea,GNQ,2026,9
Eritrea,ERI,2012,31
Eritrea,ERI,2013,26
Eritrea,ERI,2014,22
Eritrea,ERI,2015,23
Eritrea,ERI,2016,15
Eritrea,ERI,2017,9
Eritrea,ERI,2018,17
Eritrea,ERI,2019,37
Eritrea,ERI,2020,107
Eritrea,ERI,2021,87
Eritrea,ERI,2022,59
Eritrea,ERI,2023,44
Eritrea,ERI,2024,22
Eritrea,ERI,2025,88
Eritrea,ERI,2026,31
Estonia,EST,2012,0
Estonia,EST,2013,2
Estonia,EST,2014,3
Estonia,EST,2015,3
Estonia,EST,2016,1
Estonia,EST,2017,0
Estonia,EST,2018,6
Estonia,EST,2019,1
Estonia,EST,2020,0
Estonia,EST,2021,0
Estonia,EST,2022,1
Estonia,EST,2023,3
Estonia,EST,2024,0
Estonia,EST,2025,0
Estonia,EST,2026,1
Eswatini,SWZ,2012,439
Eswatini,SWZ,2013,460
Eswatini,SWZ,2014,537
Eswatini,SWZ,2015,259
Eswatini,SWZ,2016,181
Eswatini,SWZ,2017,306
Eswatini,SWZ,2018,260
Eswatini,SWZ,2019,610
Eswatini,SWZ,2020,284
Eswatini,SWZ,2021,398
Eswatini,SWZ,2022,248
Eswatini,SWZ,2023,333
Eswatini,SWZ,2024,342
Eswatini,SWZ,2025,238
Eswatini,SWZ,2026,48
Ethiopia,ETH,2012,12245
Ethiopia,ETH,2013,14558
Ethiopia,ETH,2014,12720
Ethiopia,ETH,2015,15229
Ethiopia,ETH,2016,14663
Ethiopia,ETH,2017,12513
Ethiopia,ETH,2018,8166
Ethiopia,ETH,2019,11197
Ethiopia,ETH,2020,13358
Ethiopia,ETH,2021,14306
Ethiopia,ETH,2022,10872
Ethiopia,ETH,2023,9872
Ethiopia,ETH,2024,9415
Ethiopia,ETH,2025,10773
Ethiopia,ETH,2026,7587
Europe,OWID_EUR,2012,49640
Europe,OWID_EUR,2013,27906
Europe,OWID_EUR,2014,56975
Europe,OWID_EUR,2015,43980
Europe,OWID_EUR,2016,33094
Europe,OWID_EUR,2017,38947
Europe,OWID_EUR,2018,35704
Europe,OWID_EUR,2019,39638
Europe,OWID_EUR,2020,39215
Europe,OWID_EUR,2021,28708
Europe,OWID_EUR,2022,29618
Europe,OWID_EUR,2023,21677
Europe,OWID_EUR,2024,23393
Europe,OWID_EUR,2025,19353
Europe,OWID_EUR,2026,6468
European Union (27),OWID_EU27,2012,5016
European Union (27),OWID_EU27,2013,2764
European Union (27),OWID_EU27,2014,2420
European Union (27),OWID_EU27,2015,2649
European Union (27),OWID_EU27,2016,2960
European Union (27),OWID_EU27,2017,4250
European Union (27),OWID_EU27,2018,2750
European Union (27),OWID_EU27,2019,3568
European Union (27),OWID_EU27,2020,2279
European Union (27),OWID_EU27,2021,2263
European Union (27),OWID_EU27,2022,3029
European Union (27),OWID_EU27,2023,1654
European Union (27),OWID_EU27,2024,1373
European Union (27),OWID_EU27,2025,2173
European Union (27),OWID_EU27,2026,816
Falkland Islands,FLK,2012,18
Falkland Islands,FLK,2013,6
Falkland Islands,FLK,2014,1
Falkland Islands,FLK,2015,5
Falkland Islands,FLK,2016,13
Falkland Islands,FLK,2017,9
Falkland Islands,FLK,2018,2
Falkland Islands,FLK,2019,1
Falkland Islands,FLK,2020,1
Falkland Islands,FLK,2021,6
Falkland Islands,FLK,2022,19
Falkland Islands,FLK,2023,6
Falkland Islands,FLK,2024,1
Falkland Islands,FLK,2025,0
Falkland Islands,FLK,2026,1
Faroe Islands,FRO,2012,0
Faroe Islands,FRO,2013,0
Faroe Islands,FRO,2014,0
Faroe Islands,FRO,2015,0
Faroe Islands,FRO,2016,0
Faroe Islands,FRO,2017,0
Faroe Islands,FRO,2018,0
Faroe Islands,FRO,2019,0
Faroe Islands,FRO,2020,0
Faroe Islands,FRO,2021,0
Faroe Islands,FRO,2022,0
Faroe Islands,FRO,2023,0
Faroe Islands,FRO,2024,0
Faroe Islands,FRO,2025,0
Faroe Islands,FRO,2026,0
Fiji,FJI,2012,68
Fiji,FJI,2013,116
Fiji,FJI,2014,352
Fiji,FJI,2015,170
Fiji,FJI,2016,129
Fiji,FJI,2017,175
Fiji,FJI,2018,176
Fiji,FJI,2019,55
Fiji,FJI,2020,90
Fiji,FJI,2021,120
Fiji,FJI,2022,66
Fiji,FJI,2023,98
Fiji,FJI,2024,100
Fiji,FJI,2025,121
Fiji,FJI,2026,1
Finland,FIN,2012,7
Finland,FIN,2013,14
Finland,FIN,2014,4
Finland,FIN,2015,4
Finland,FIN,2016,7
Finland,FIN,2017,5
Finland,FIN,2018,17
Finland,FIN,2019,4
Finland,FIN,2020,8
Finland,FIN,2021,8
Finland,FIN,2022,9
Finland,FIN,2023,8
Finland,FIN,2024,13
Finland,FIN,2025,16
Finland,FIN,2026,1
France,FRA,2012,213
France,FRA,2013,69
France,FRA,2014,169
France,FRA,2015,144
France,FRA,2016,117
France,FRA,2017,243
France,FRA,2018,64
France,FRA,2019,327
France,FRA,2020,129
France,FRA,2021,138
France,FRA,2022,211
France,FRA,2023,132
France,FRA,2024,75
France,FRA,2025,131
France,FRA,2026,166
French Guiana,GUF,2012,117
French Guiana,GUF,2013,54
French Guiana,GUF,2014,58
French Guiana,GUF,2015,106
French Guiana,GUF,2016,136
French Guiana,GUF,2017,57
French Guiana,GUF,2018,124
French Guiana,GUF,2019,62
French Guiana,GUF,2020,70
French Guiana,GUF,2021,30
French Guiana,GUF,2022,37
French Guiana,GUF,2023,161
French Guiana,GUF,2024,89
French Guiana,GUF,2025,131
French Guiana,GUF,2026,9
French Polynesia,PYF,2012,0
French Polynesia,PYF,2013,0
French Polynesia,PYF,2014,0
French Polynesia,PYF,2015,0
French Polynesia,PYF,2016,0
French Polynesia,PYF,2017,0
French Polynesia,PYF,2018,0
French Polynesia,PYF,2019,0
French Polynesia,PYF,2020,0
French Polynesia,PYF,2021,0
French Polynesia,PYF,2022,0
French Polynesia,PYF,2023,0
French Polynesia,PYF,2024,0
French Polynesia,PYF,2025,0
French Polynesia,PYF,2026,0
French Southern Territories,ATF,2012,0
French Southern Territories,ATF,2013,0
French Southern Territories,ATF,2014,0
French Southern Territories,ATF,2015,0
French Southern Territories,ATF,2016,0
French Southern Territories,ATF,2017,0
French Southern Territories,ATF,2018,0
French Southern Territories,ATF,2019,0
French Southern Territories,ATF,2020,0
French Southern Territories,ATF,2021,0
French Southern Territories,ATF,2022,0
French Southern Territories,ATF,2023,0
French Southern Territories,ATF,2024,0
French Southern Territories,ATF,2025,0
French Southern Territories,ATF,2026,0
Gabon,GAB,2012,705
Gabon,GAB,2013,805
Gabon,GAB,2014,565
Gabon,GAB,2015,633
Gabon,GAB,2016,718
Gabon,GAB,2017,618
Gabon,GAB,2018,666
Gabon,GAB,2019,690
Gabon,GAB,2020,745
Gabon,GAB,2021,549
Gabon,GAB,2022,717
Gabon,GAB,2023,593
Gabon,GAB,2024,772
Gabon,GAB,2025,686
Gabon,GAB,2026,176
Gambia,GMB,2012,215
Gambia,GMB,2013,258
Gambia,GMB,2014,224
Gambia,GMB,2015,124
Gambia,GMB,2016,258
Gambia,GMB,2017,291
Gambia,GMB,2018,177
Gambia,GMB,2019,201
Gambia,GMB,2020,302
Gambia,GMB,2021,312
Gambia,GMB,2022,302
Gambia,GMB,2023,382
Gambia,GMB,2024,314
Gambia,GMB,2025,268
Gambia,GMB,2026,288
Georgia,GEO,2012,120
Georgia,GEO,2013,96
Georgia,GEO,2014,118
Georgia,GEO,2015,138
Georgia,GEO,2016,144
Georgia,GEO,2017,174
Georgia,GEO,2018,100
Georgia,GEO,2019,156
Georgia,GEO,2020,135
Georgia,GEO,2021,107
Georgia,GEO,2022,82
Georgia,GEO,2023,45
Georgia,GEO,2024,70
Georgia,GEO,2025,189
Georgia,GEO,2026,25
Germany,DEU,2012,8
Germany,DEU,2013,15
Germany,DEU,2014,9
Germany,DEU,2015,10
Germany,DEU,2016,12
Germany,DEU,2017,8
Germany,DEU,2018,42
Germany,DEU,2019,27
Germany,DEU,2020,18
Germany,DEU,2021,7
Germany,DEU,2022,52
Germany,DEU,2023,24
Germany,DEU,2024,33
Germany,DEU,2025,67
Germany,DEU,2026,36
Ghana,GHA,2012,8276
Ghana,GHA,2013,13553
Ghana,GHA,2014,12364
Ghana,GHA,2015,13745
Ghana,GHA,2016,11622
Ghana,GHA,2017,13955
Ghana,GHA,2018,7706
Ghana,GHA,2019,11241
Ghana,GHA,2020,14693
Ghana,GHA,2021,10342
Ghana,GHA,2022,11692
Ghana,GHA,2023,8573
Ghana,GHA,2024,11202
Ghana,GHA,2025,7326
Ghana,GHA,2026,5973
Gibraltar,GIB,2012,0
Gibraltar,GIB,2013,0
Gibraltar,GIB,2014,0
Gibraltar,GIB,2015,0
Gibraltar,GIB,2016,0
Gibraltar,GIB,2017,0
Gibraltar,GIB,2018,0
Gibraltar,GIB,2019,0
Gibraltar,GIB,2020,0
Gibraltar,GIB,2021,0
Gibraltar,GIB,2022,0
Gibraltar,GIB,2023,0
Gibraltar,GIB,2024,0
Gibraltar,GIB,2025,0
Gibraltar,GIB,2026,0
Greece,GRC,2012,241
Greece,GRC,2013,220
Greece,GRC,2014,173
Greece,GRC,2015,183
Greece,GRC,2016,219
Greece,GRC,2017,141
Greece,GRC,2018,121
Greece,GRC,2019,109
Greece,GRC,2020,109
Greece,GRC,2021,96
Greece,GRC,2022,111
Greece,GRC,2023,96
Greece,GRC,2024,94
Greece,GRC,2025,91
Greece,GRC,2026,21
Greenland,GRL,2012,0
Greenland,GRL,2013,0
Greenland,GRL,2014,1
Greenland,GRL,2015,1
Greenland,GRL,2016,1
Greenland,GRL,2017,5
Greenland,GRL,2018,0
Greenland,GRL,2019,3
Greenland,GRL,2020,4
Greenland,GRL,2021,0
Greenland,GRL,2022,0
Greenland,GRL,2023,0
Greenland,GRL,2024,0
Greenland,GRL,2025,0
Greenland,GRL,2026,1
Grenada,GRD,2012,0
Grenada,GRD,2013,0
Grenada,GRD,2014,0
Grenada,GRD,2015,0
Grenada,GRD,2016,0
Grenada,GRD,2017,0
Grenada,GRD,2018,0
Grenada,GRD,2019,0
Grenada,GRD,2020,0
Grenada,GRD,2021,0
Grenada,GRD,2022,0
Grenada,GRD,2023,0
Grenada,GRD,2024,0
Grenada,GRD,2025,0
Grenada,GRD,2026,1
Guadeloupe,GLP,2012,0
Guadeloupe,GLP,2013,0
Guadeloupe,GLP,2014,2
Guadeloupe,GLP,2015,0
Guadeloupe,GLP,2016,0
Guadeloupe,GLP,2017,0
Guadeloupe,GLP,2018,1
Guadeloupe,GLP,2019,0
Guadeloupe,GLP,2020,0
Guadeloupe,GLP,2021,0
Guadeloupe,GLP,2022,0
Guadeloupe,GLP,2023,1
Guadeloupe,GLP,2024,0
Guadeloupe,GLP,2025,0
Guadeloupe,GLP,2026,2
Guam,GUM,2012,2
Guam,GUM,2013,1
Guam,GUM,2014,2
Guam,GUM,2015,4
Guam,GUM,2016,4
Guam,GUM,2017,1
Guam,GUM,2018,1
Guam,GUM,2019,8
Guam,GUM,2020,2
Guam,GUM,2021,2
Guam,GUM,2022,1
Guam,GUM,2023,0
Guam,GUM,2024,3
Guam,GUM,2025,3
Guam,GUM,2026,0
Guatemala,GTM,2012,1809
Guatemala,GTM,2013,3000
Guatemala,GTM,2014,1460
Guatemala,GTM,2015,1943
Guatemala,GTM,2016,2119
Guatemala,GTM,2017,1839
Guatemala,GTM,2018,1124
Guatemala,GTM,2019,2025
Guatemala,GTM,2020,1857
Guatemala,GTM,2021,1140
Guatemala,GTM,2022,1462
Guatemala,GTM,2023,2850
Guatemala,GTM,2024,1745
Guatemala,GTM,2025,950
Guatemala,GTM,2026,1914
Guernsey,GGY,2012,0
Guernsey,GGY,2013,0
Guernsey,GGY,2014,0
Guernsey,GGY,2015,0
Guernsey,GGY,2016,0
Guernsey,GGY,2017,0
Guernsey,GGY,2018,0
Guernsey,GGY,2019,0
Guernsey,GGY,2020,0
Guernsey,GGY,2021,0
Guernsey,GGY,2022,0
Guernsey,GGY,2023,0
Guernsey,GGY,2024,0
Guernsey,GGY,2025,0
Guernsey,GGY,2026,0
Guinea,GIN,2012,15442
Guinea,GIN,2013,20168
Guinea,GIN,2014,20608
Guinea,GIN,2015,18940
Guinea,GIN,2016,19397
Guinea,GIN,2017,19812
Guinea,GIN,2018,12690
Guinea,GIN,2019,19059
Guinea,GIN,2020,19107
Guinea,GIN,2021,16433
Guinea,GIN,2022,17957
Guinea,GIN,2023,15909
Guinea,GIN,2024,17081
Guinea,GIN,2025,12904
Guinea,GIN,2026,15202
Guinea-Bissau,GNB,2012,1317
Guinea-Bissau,GNB,2013,1214
Guinea-Bissau,GNB,2014,1467
Guinea-Bissau,GNB,2015,1426
Guinea-Bissau,GNB,2016,1358
Guinea-Bissau,GNB,2017,1042
Guinea-Bissau,GNB,2018,906
Guinea-Bissau,GNB,2019,1341
Guinea-Bissau,GNB,2020,1419
Guinea-Bissau,GNB,2021,1057
Guinea-Bissau,GNB,2022,1177
Guinea-Bissau,GNB,2023,940
Guinea-Bissau,GNB,2024,1090
Guinea-Bissau,GNB,2025,779
Guinea-Bissau,GNB,2026,852
Guyana,GUY,2012,406
Guyana,GUY,2013,366
Guyana,GUY,2014,449
Guyana,GUY,2015,700
Guyana,GUY,2016,507
Guyana,GUY,2017,364
Guyana,GUY,2018,528
Guyana,GUY,2019,526
Guyana,GUY,2020,567
Guyana,GUY,2021,178
Guyana,GUY,2022,177
Guyana,GUY,2023,1237
Guyana,GUY,2024,1271
Guyana,GUY,2025,813
Guyana,GUY,2026,345
Haiti,HTI,2012,64
Haiti,HTI,2013,86
Haiti,HTI,2014,44
Haiti,HTI,2015,69
Haiti,HTI,2016,33
Haiti,HTI,2017,46
Haiti,HTI,2018,39
Haiti,HTI,2019,68
Haiti,HTI,2020,97
Haiti,HTI,2021,61
Haiti,HTI,2022,49
Haiti,HTI,2023,121
Haiti,HTI,2024,61
Haiti,HTI,2025,143
Haiti,HTI,2026,212
Heard Island and McDonald Islands,HMD,2012,0
Heard Island and McDonald Islands,HMD,2013,0
Heard Island and McDonald Islands,HMD,2014,0
Heard Island and McDonald Islands,HMD,2015,0
Heard Island and McDonald Islands,HMD,2016,0
Heard Island and McDonald Islands,HMD,2017,0
Heard Island and McDonald Islands,HMD,2018,0
Heard Island and McDonald Islands,HMD,2019,0
Heard Island and McDonald Islands,HMD,2020,0
Heard Island and McDonald Islands,HMD,2021,0
Heard Island and McDonald Islands,HMD,2022,0
Heard Island and McDonald Islands,HMD,2023,0
Heard Island and McDonald Islands,HMD,2024,0
Heard Island and McDonald Islands,HMD,2025,0
Heard Island and McDonald Islands,HMD,2026,0
Honduras,HND,2012,948
Honduras,HND,2013,2818
Honduras,HND,2014,2518
Honduras,HND,2015,2027
Honduras,HND,2016,2522
Honduras,HND,2017,1469
Honduras,HND,2018,2260
Honduras,HND,2019,3244
Honduras,HND,2020,3953
Honduras,HND,2021,1355
Honduras,HND,2022,1579
Honduras,HND,2023,5232
Honduras,HND,2024,2784
Honduras,HND,2025,644
Honduras,HND,2026,2115
Hong Kong,HKG,2012,0
Hong Kong,HKG,2013,1
Hong Kong,HKG,2014,2
Hong Kong,HKG,2015,2
Hong Kong,HKG,2016,1
Hong Kong,HKG,2017,2
Hong Kong,HKG,2018,3
Hong Kong,HKG,2019,1
Hong Kong,HKG,2020,2
Hong Kong,HKG,2021,2
Hong Kong,HKG,2022,1
Hong Kong,HKG,2023,0
Hong Kong,HKG,2024,1
Hong Kong,HKG,2025,1
Hong Kong,HKG,2026,0
Hungary,HUN,2012,124
Hungary,HUN,2013,35
Hungary,HUN,2014,46
Hungary,HUN,2015,39
Hungary,HUN,2016,15
Hungary,HUN,2017,34
Hungary,HUN,2018,50
Hungary,HUN,2019,44
Hungary,HUN,2020,46
Hungary,HUN,2021,42
Hungary,HUN,2022,102
Hungary,HUN,2023,12
Hungary,HUN,2024,16
Hungary,HUN,2025,34
Hungary,HUN,2026,47
Iceland,ISL,2012,1
Iceland,ISL,2013,3
Iceland,ISL,2014,44
Iceland,ISL,2015,13
Iceland,ISL,2016,1
Iceland,ISL,2017,0
Iceland,ISL,2018,4
Iceland,ISL,2019,3
Iceland,ISL,2020,6
Iceland,ISL,2021,32
Iceland,ISL,2022,20
Iceland,ISL,2023,10
Iceland,ISL,2024,43
Iceland,ISL,2025,9
Iceland,ISL,2026,1
India,IND,2012,21288
India,IND,2013,16098
India,IND,2014,17381
India,IND,2015,15246
India,IND,2016,22679
India,IND,2017,19618
India,IND,2018,19931
India,IND,2019,17470
India,IND,2020,15271
India,IND,2021,28743
India,IND,2022,22137
India,IND,2023,15681
India,IND,2024,11871
India,IND,2025,16774
India,IND,2026,19210
Indonesia,IDN,2012,13757
Indonesia,IDN,2013,9577
Indonesia,IDN,2014,19871
Indonesia,IDN,2015,31128
Indonesia,IDN,2016,4295
Indonesia,IDN,2017,3261
Indonesia,IDN,2018,9878
Indonesia,IDN,2019,13629
Indonesia,IDN,2020,3045
Indonesia,IDN,2021,2221
Indonesia,IDN,2022,2080
Indonesia,IDN,2023,9565
Indonesia,IDN,2024,4016
Indonesia,IDN,2025,3876
Indonesia,IDN,2026,911
Iran,IRN,2012,1601
Iran,IRN,2013,1788
Iran,IRN,2014,1843
Iran,IRN,2015,1682
Iran,IRN,2016,2097
Iran,IRN,2017,1932
Iran,IRN,2018,1755
Iran,IRN,2019,1888
Iran,IRN,2020,1856
Iran,IRN,2021,2054
Iran,IRN,2022,1864
Iran,IRN,2023,1478
Iran,IRN,2024,1929
Iran,IRN,2025,1738
Iran,IRN,2026,347
Iraq,IRQ,2012,880
Iraq,IRQ,2013,866
Iraq,IRQ,2014,1202
Iraq,IRQ,2015,1497
Iraq,IRQ,2016,1578
Iraq,IRQ,2017,1127
Iraq,IRQ,2018,1332
Iraq,IRQ,2019,2686
Iraq,IRQ,2020,2066
Iraq,IRQ,2021,1659
Iraq,IRQ,2022,1234
Iraq,IRQ,2023,941
Iraq,IRQ,2024,1146
Iraq,IRQ,2025,810
Iraq,IRQ,2026,125
Ireland,IRL,2012,13
Ireland,IRL,2013,26
Ireland,IRL,2014,6
Ireland,IRL,2015,59
Ireland,IRL,2016,14
Ireland,IRL,2017,30
Ireland,IRL,2018,19
Ireland,IRL,2019,16
Ireland,IRL,2020,16
Ireland,IRL,2021,14
Ireland,IRL,2022,17
Ireland,IRL,2023,7
Ireland,IRL,2024,3
Ireland,IRL,2025,28
Ireland,IRL,2026,4
Isle of Man,IMN,2012,0
Isle of Man,IMN,2013,0
Isle of Man,IMN,2014,0
Isle of Man,IMN,2015,0
Isle of Man,IMN,2016,0
Isle of Man,IMN,2017,0
Isle of Man,IMN,2018,0
Isle of Man,IMN,2019,0
Isle of Man,IMN,2020,0
Isle of Man,IMN,2021,0
Isle of Man,IMN,2022,0
Isle of Man,IMN,2023,0
Isle of Man,IMN,2024,0
Isle of Man,IMN,2025,0
Isle of Man,IMN,2026,0
Israel,ISR,2012,15
Israel,ISR,2013,24
Israel,ISR,2014,10
Israel,ISR,2015,25
Israel,ISR,2016,24
Israel,ISR,2017,12
Israel,ISR,2018,15
Israel,ISR,2019,29
Israel,ISR,2020,23
Israel,ISR,2021,38
Israel,ISR,2022,18
Israel,ISR,2023,18
Israel,ISR,2024,25
Israel,ISR,2025,14
Israel,ISR,2026,1
Italy,ITA,2012,1034
Italy,ITA,2013,369
Italy,ITA,2014,449
Italy,ITA,2015,456
Italy,ITA,2016,475
Italy,ITA,2017,1080
Italy,ITA,2018,269
Italy,ITA,2019,485
Italy,ITA,2020,441
Italy,ITA,2021,736
Italy,ITA,2022,533
Italy,ITA,2023,591
Italy,ITA,2024,321
Italy,ITA,2025,610
Italy,ITA,2026,32
Jamaica,JAM,2012,29
Jamaica,JAM,2013,42
Jamaica,JAM,2014,33
Jamaica,JAM,2015,51
Jamaica,JAM,2016,12
Jamaica,JAM,2017,35
Jamaica,JAM,2018,34
Jamaica,JAM,2019,32
Jamaica,JAM,2020,41
Jamaica,JAM,2021,17
Jamaica,JAM,2022,17
Jamaica,JAM,2023,57
Jamaica,JAM,2024,23
Jamaica,JAM,2025,58
Jamaica,JAM,2026,38
Japan,JPN,2012,15
Japan,JPN,2013,25
Japan,JPN,2014,30
Japan,JPN,2015,36
Japan,JPN,2016,22
Japan,JPN,2017,18
Japan,JPN,2018,36
Japan,JPN,2019,34
Japan,JPN,2020,37
Japan,JPN,2021,25
Japan,JPN,2022,38
Japan,JPN,2023,30
Japan,JPN,2024,21
Japan,JPN,2025,44
Japan,JPN,2026,54
Jersey,JEY,2012,0
Jersey,JEY,2013,0
Jersey,JEY,2014,0
Jersey,JEY,2015,0
Jersey,JEY,2016,0
Jersey,JEY,2017,0
Jersey,JEY,2018,0
Jersey,JEY,2019,0
Jersey,JEY,2020,0
Jersey,JEY,2021,0
Jersey,JEY,2022,0
Jersey,JEY,2023,0
Jersey,JEY,2024,0
Jersey,JEY,2025,0
Jersey,JEY,2026,0
Jordan,JOR,2012,0
Jordan,JOR,2013,2
Jordan,JOR,2014,0
Jordan,JOR,2015,11
Jordan,JOR,2016,2
Jordan,JOR,2017,6
Jordan,JOR,2018,3
Jordan,JOR,2019,4
Jordan,JOR,2020,10
Jordan,JOR,2021,4
Jordan,JOR,2022,5
Jordan,JOR,2023,5
Jordan,JOR,2024,4
Jordan,JOR,2025,7
Jordan,JOR,2026,1
Kazakhstan,KAZ,2012,10467
Kazakhstan,KAZ,2013,3011
Kazakhstan,KAZ,2014,6844
Kazakhstan,KAZ,2015,6617
Kazakhstan,KAZ,2016,4091
Kazakhstan,KAZ,2017,11144
Kazakhstan,KAZ,2018,5675
Kazakhstan,KAZ,2019,8283
Kazakhstan,KAZ,2020,6322
Kazakhstan,KAZ,2021,5405
Kazakhstan,KAZ,2022,3960
Kazakhstan,KAZ,2023,2138
Kazakhstan,KAZ,2024,890
Kazakhstan,KAZ,2025,2677
Kazakhstan,KAZ,2026,2266
Kenya,KEN,2012,1397
Kenya,KEN,2013,887
Kenya,KEN,2014,701
Kenya,KEN,2015,1021
Kenya,KEN,2016,719
Kenya,KEN,2017,507
Kenya,KEN,2018,468
Kenya,KEN,2019,810
Kenya,KEN,2020,988
Kenya,KEN,2021,922
Kenya,KEN,2022,399
Kenya,KEN,2023,378
Kenya,KEN,2024,654
Kenya,KEN,2025,813
Kenya,KEN,2026,322
Kiribati,KIR,2012,0
Kiribati,KIR,2013,0
Kiribati,KIR,2014,0
Kiribati,KIR,2015,0
Kiribati,KIR,2016,0
Kiribati,KIR,2017,0
Kiribati,KIR,2018,0
Kiribati,KIR,2019,0
Kiribati,KIR,2020,0
Kiribati,KIR,2021,0
Kiribati,KIR,2022,0
Kiribati,KIR,2023,0
Kiribati,KIR,2024,0
Kiribati,KIR,2025,0
Kiribati,KIR,2026,0
Kosovo,OWID_KOS,2012,124
Kosovo,OWID_KOS,2013,36
Kosovo,OWID_KOS,2014,13
Kosovo,OWID_KOS,2015,33
Kosovo,OWID_KOS,2016,14
Kosovo,OWID_KOS,2017,50
Kosovo,OWID_KOS,2018,25
Kosovo,OWID_KOS,2019,77
Kosovo,OWID_KOS,2020,48
Kosovo,OWID_KOS,2021,36
Kosovo,OWID_KOS,2022,32
Kosovo,OWID_KOS,2023,19
Kosovo,OWID_KOS,2024,55
Kosovo,OWID_KOS,2025,56
Kosovo,OWID_KOS,2026,10
Kuwait,KWT,2012,5
Kuwait,KWT,2013,1
Kuwait,KWT,2014,7
Kuwait,KWT,2015,5
Kuwait,KWT,2016,11
Kuwait,KWT,2017,6
Kuwait,KWT,2018,3
Kuwait,KWT,2019,11
Kuwait,KWT,2020,4
Kuwait,KWT,2021,3
Kuwait,KWT,2022,5
Kuwait,KWT,2023,0
Kuwait,KWT,2024,3
Kuwait,KWT,2025,0
Kuwait,KWT,2026,0
Kyrgyzstan,KGZ,2012,67
Kyrgyzstan,KGZ,2013,49
Kyrgyzstan,KGZ,2014,56
Kyrgyzstan,KGZ,2015,21
Kyrgyzstan,KGZ,2016,46
Kyrgyzstan,KGZ,2017,50
Kyrgyzstan,KGZ,2018,79
Kyrgyzstan,KGZ,2019,64
Kyrgyzstan,KGZ,2020,47
Kyrgyzstan,KGZ,2021,38
Kyrgyzstan,KGZ,2022,31
Kyrgyzstan,KGZ,2023,17
Kyrgyzstan,KGZ,2024,9
Kyrgyzstan,KGZ,2025,49
Kyrgyzstan,KGZ,2026,17
Laos,LAO,2012,7469
Laos,LAO,2013,8099
Laos,LAO,2014,8236
Laos,LAO,2015,8608
Laos,LAO,2016,8781
Laos,LAO,2017,5981
Laos,LAO,2018,5232
Laos,LAO,2019,10419
Laos,LAO,2020,10053
Laos,LAO,2021,7733
Laos,LAO,2022,8314
Laos,LAO,2023,14042
Laos,LAO,2024,9546
Laos,LAO,2025,6892
Laos,LAO,2026,8583
Latvia,LVA,2012,3
Latvia,LVA,2013,1
Latvia,LVA,2014,8
Latvia,LVA,2015,5
Latvia,LVA,2016,4
Latvia,LVA,2017,3
Latvia,LVA,2018,15
Latvia,LVA,2019,10
Latvia,LVA,2020,3
Latvia,LVA,2021,2
Latvia,LVA,2022,6
Latvia,LVA,2023,1
Latvia,LVA,2024,1
Latvia,LVA,2025,2
Latvia,LVA,2026,1
Lebanon,LBN,2012,6
Lebanon,LBN,2013,19
Lebanon,LBN,2014,1
Lebanon,LBN,2015,7
Lebanon,LBN,2016,16
Lebanon,LBN,2017,11
Lebanon,LBN,2018,3
Lebanon,LBN,2019,12
Lebanon,LBN,2020,21
Lebanon,LBN,2021,25
Lebanon,LBN,2022,6
Lebanon,LBN,2023,11
Lebanon,LBN,2024,47
Lebanon,LBN,2025,11
Lebanon,LBN,2026,0
Lesotho,LSO,2012,22
Lesotho,LSO,2013,204
Lesotho,LSO,2014,195
Lesotho,LSO,2015,79
Lesotho,LSO,2016,18
Lesotho,LSO,2017,90
Lesotho,LSO,2018,40
Lesotho,LSO,2019,186
Lesotho,LSO,2020,66
Lesotho,LSO,2021,101
Lesotho,LSO,2022,87
Lesotho,LSO,2023,157
Lesotho,LSO,2024,232
Lesotho,LSO,2025,31
Lesotho,LSO,2026,0
Liberia,LBR,2012,2320
Liberia,LBR,2013,1264
Liberia,LBR,2014,1976
Liberia,LBR,2015,3649
Liberia,LBR,2016,2033
Liberia,LBR,2017,1874
Liberia,LBR,2018,1140
Liberia,LBR,2019,2558
Liberia,LBR,2020,1737
Liberia,LBR,2021,1285
Liberia,LBR,2022,2043
Liberia,LBR,2023,1693
Liberia,LBR,2024,1773
Liberia,LBR,2025,1738
Liberia,LBR,2026,1823
Libya,LBY,2012,19
Libya,LBY,2013,16
Libya,LBY,2014,16
Libya,LBY,2015,19
Libya,LBY,2016,11
Libya,LBY,2017,19
Libya,LBY,2018,26
Libya,LBY,2019,23
Libya,LBY,2020,29
Libya,LBY,2021,13
Libya,LBY,2022,18
Libya,LBY,2023,13
Libya,LBY,2024,13
Libya,LBY,2025,8
Libya,LBY,2026,5
Liechtenstein,LIE,2012,0
Liechtenstein,LIE,2013,0
Liechtenstein,LIE,2014,0
Liechtenstein,LIE,2015,0
Liechtenstein,LIE,2016,0
Liechtenstein,LIE,2017,0
Liechtenstein,LIE,2018,0
Liechtenstein,LIE,2019,0
Liechtenstein,LIE,2020,0
Liechtenstein,LIE,2021,0
Liechtenstein,LIE,2022,0
Liechtenstein,LIE,2023,0
Liechtenstein,LIE,2024,0
Liechtenstein,LIE,2025,0
Liechtenstein,LIE,2026,0
Lithuania,LTU,2012,8
Lithuania,LTU,2013,5
Lithuania,LTU,2014,9
Lithuania,LTU,2015,6
Lithuania,LTU,2016,1
Lithuania,LTU,2017,2
Lithuania,LTU,2018,5
Lithuania,LTU,2019,7
Lithuania,LTU,2020,4
Lithuania,LTU,2021,4
Lithuania,LTU,2022,1
Lithuania,LTU,2023,5
Lithuania,LTU,2024,5
Lithuania,LTU,2025,3
Lithuania,LTU,2026,4
Luxembourg,LUX,2012,0
Luxembourg,LUX,2013,0
Luxembourg,LUX,2014,0
Luxembourg,LUX,2015,0
Luxembourg,LUX,2016,0
Luxembourg,LUX,2017,0
Luxembourg,LUX,2018,0
Luxembourg,LUX,2019,0
Luxembourg,LUX,2020,0
Luxembourg,LUX,2021,0
Luxembourg,LUX,2022,0
Luxembourg,LUX,2023,0
Luxembourg,LUX,2024,0
Luxembourg,LUX,2025,0
Luxembourg,LUX,2026,0
Macao,MAC,2012,0
Macao,MAC,2013,0
Macao,MAC,2014,0
Macao,MAC,2015,0
Macao,MAC,2016,0
Macao,MAC,2017,0
Macao,MAC,2018,0
Macao,MAC,2019,0
Macao,MAC,2020,0
Macao,MAC,2021,0
Macao,MAC,2022,0
Macao,MAC,2023,0
Macao,MAC,2024,0
Macao,MAC,2025,0
Macao,MAC,2026,0
Madagascar,MDG,2012,16453
Madagascar,MDG,2013,19250
Madagascar,MDG,2014,15876
Madagascar,MDG,2015,15890
Madagascar,MDG,2016,20348
Madagascar,MDG,2017,15363
Madagascar,MDG,2018,20776
Madagascar,MDG,2019,14781
Madagascar,MDG,2020,17746
Madagascar,MDG,2021,15720
Madagascar,MDG,2022,13485
Madagascar,MDG,2023,13571
Madagascar,MDG,2024,15491
Madagascar,MDG,2025,14584
Madagascar,MDG,2026,1752
Malawi,MWI,2012,3191
Malawi,MWI,2013,3153
Malawi,MWI,2014,2698
Malawi,MWI,2015,2818
Malawi,MWI,2016,2927
Malawi,MWI,2017,2378
Malawi,MWI,2018,3103
Malawi,MWI,2019,2575
Malawi,MWI,2020,2578
Malawi,MWI,2021,2479
Malawi,MWI,2022,2040
Malawi,MWI,2023,1895
Malawi,MWI,2024,1730
Malawi,MWI,2025,1990
Malawi,MWI,2026,6
Malaysia,MYS,2012,797
Malaysia,MYS,2013,706
Malaysia,MYS,2014,1308
Malaysia,MYS,2015,920
Malaysia,MYS,2016,921
Malaysia,MYS,2017,169
Malaysia,MYS,2018,443
Malaysia,MYS,2019,647
Malaysia,MYS,2020,250
Malaysia,MYS,2021,172
Malaysia,MYS,2022,103
Malaysia,MYS,2023,167
Malaysia,MYS,2024,340
Malaysia,MYS,2025,176
Malaysia,MYS,2026,211
Maldives,MDV,2012,0
Maldives,MDV,2013,0
Maldives,MDV,2014,0
Maldives,MDV,2015,0
Maldives,MDV,2016,0
Maldives,MDV,2017,0
Maldives,MDV,2018,0
Maldives,MDV,2019,0
Maldives,MDV,2020,0
Maldives,MDV,2021,0
Maldives,MDV,2022,0
Maldives,MDV,2023,0
Maldives,MDV,2024,0
Maldives,MDV,2025,0
Maldives,MDV,2026,0
Mali,MLI,2012,7498
Mali,MLI,2013,10492
Mali,MLI,2014,9575
Mali,MLI,2015,8404
Mali,MLI,2016,10803
Mali,MLI,2017,10654
Mali,MLI,2018,5398
Mali,MLI,2019,8775
Mali,MLI,2020,10602
Mali,MLI,2021,11353
Mali,MLI,2022,10018
Mali,MLI,2023,10753
Mali,MLI,2024,9971
Mali,MLI,2025,12509
Mali,MLI,2026,6030
Malta,MLT,2012,0
Malta,MLT,2013,0
Malta,MLT,2014,0
Malta,MLT,2015,0
Malta,MLT,2016,0
Malta,MLT,2017,0
Malta,MLT,2018,0
Malta,MLT,2019,0
Malta,MLT,2020,1
Malta,MLT,2021,0
Malta,MLT,2022,0
Malta,MLT,2023,0
Malta,MLT,2024,0
Malta,MLT,2025,0
Malta,MLT,2026,0
Marshall Islands,MHL,2012,0
Marshall Islands,MHL,2013,0
Marshall Islands,MHL,2014,0
Marshall Islands,MHL,2015,0
Marshall Islands,MHL,2016,0
Marshall Islands,MHL,2017,0
Marshall Islands,MHL,2018,0
Marshall Islands,MHL,2019,0
Marshall Islands,MHL,2020,0
Marshall Islands,MHL,2021,0
Marshall Islands,MHL,2022,0
Marshall Islands,MHL,2023,0
Marshall Islands,MHL,2024,0
Marshall Islands,MHL,2025,0
Marshall Islands,MHL,2026,0
Martinique,MTQ,2012,0
Martinique,MTQ,2013,0
Martinique,MTQ,2014,0
Martinique,MTQ,2015,0
Martinique,MTQ,2016,0
Martinique,MTQ,2017,0
Martinique,MTQ,2018,0
Martinique,MTQ,2019,1
Martinique,MTQ,2020,0
Martinique,MTQ,2021,2
Martinique,MTQ,2022,0
Martinique,MTQ,2023,0
Martinique,MTQ,2024,1
Martinique,MTQ,2025,1
Martinique,MTQ,2026,0
Mauritania,MRT,2012,125
Mauritania,MRT,2013,160
Mauritania,MRT,2014,60
Mauritania,MRT,2015,36
Mauritania,MRT,2016,95
Mauritania,MRT,2017,66
Mauritania,MRT,2018,36
Mauritania,MRT,2019,84
Mauritania,MRT,2020,98
Mauritania,MRT,2021,159
Mauritania,MRT,2022,120
Mauritania,MRT,2023,206
Mauritania,MRT,2024,150
Mauritania,MRT,2025,216
Mauritania,MRT,2026,107
Mauritius,MUS,2012,3
Mauritius,MUS,2013,3
Mauritius,MUS,2014,7
Mauritius,MUS,2015,0
Mauritius,MUS,2016,4
Mauritius,MUS,2017,4
Mauritius,MUS,2018,3
Mauritius,MUS,2019,3
Mauritius,MUS,2020,3
Mauritius,MUS,2021,1
Mauritius,MUS,2022,4
Mauritius,MUS,2023,0
Mauritius,MUS,2024,3
Mauritius,MUS,2025,4
Mauritius,MUS,2026,0
Mayotte,MYT,2012,0
Mayotte,MYT,2013,1
Mayotte,MYT,2014,0
Mayotte,MYT,2015,0
Mayotte,MYT,2016,1
Mayotte,MYT,2017,0
Mayotte,MYT,2018,0
Mayotte,MYT,2019,0
Mayotte,MYT,2020,0
Mayotte,MYT,2021,0
Mayotte,MYT,2022,0
Mayotte,MYT,2023,0
Mayotte,MYT,2024,0
Mayotte,MYT,2025,2
Mayotte,MYT,2026,0
Mexico,MEX,2012,11674
Mexico,MEX,2013,15447
Mexico,MEX,2014,6681
Mexico,MEX,2015,10089
Mexico,MEX,2016,12446
Mexico,MEX,2017,15082
Mexico,MEX,2018,10167
Mexico,MEX,2019,15229
Mexico,MEX,2020,11937
Mexico,MEX,2021,11881
Mexico,MEX,2022,13229
Mexico,MEX,2023,16584
Mexico,MEX,2024,7090
Mexico,MEX,2025,8095
Mexico,MEX,2026,10005
Micronesia (country),FSM,2012,0
Micronesia (country),FSM,2013,0
Micronesia (country),FSM,2014,0
Micronesia (country),FSM,2015,0
Micronesia (country),FSM,2016,2
Micronesia (country),FSM,2017,0
Micronesia (country),FSM,2018,0
Micronesia (country),FSM,2019,0
Micronesia (country),FSM,2020,0
Micronesia (country),FSM,2021,0
Micronesia (country),FSM,2022,0
Micronesia (country),FSM,2023,0
Micronesia (country),FSM,2024,0
Micronesia (country),FSM,2025,0
Micronesia (country),FSM,2026,0
Moldova,MDA,2012,61
Moldova,MDA,2013,139
Moldova,MDA,2014,284
Moldova,MDA,2015,161
Moldova,MDA,2016,237
Moldova,MDA,2017,147
Moldova,MDA,2018,123
Moldova,MDA,2019,66
Moldova,MDA,2020,62
Moldova,MDA,2021,91
Moldova,MDA,2022,176
Moldova,MDA,2023,30
Moldova,MDA,2024,15
Moldova,MDA,2025,23
Moldova,MDA,2026,9
Monaco,MCO,2012,0
Monaco,MCO,2013,0
Monaco,MCO,2014,0
Monaco,MCO,2015,0
Monaco,MCO,2016,0
Monaco,MCO,2017,0
Monaco,MCO,2018,0
Monaco,MCO,2019,0
Monaco,MCO,2020,0
Monaco,MCO,2021,0
Monaco,MCO,2022,0
Monaco,MCO,2023,0
Monaco,MCO,2024,0
Monaco,MCO,2025,0
Monaco,MCO,2026,0
Mongolia,MNG,2012,671
Mongolia,MNG,2013,305
Mongolia,MNG,2014,421
Mongolia,MNG,2015,689
Mongolia,MNG,2016,266
Mongolia,MNG,2017,341
Mongolia,MNG,2018,74
Mongolia,MNG,2019,132
Mongolia,MNG,2020,51
Mongolia,MNG,2021,71
Mongolia,MNG,2022,258
Mongolia,MNG,2023,202
Mongolia,MNG,2024,106
Mongolia,MNG,2025,227
Mongolia,MNG,2026,63
Montenegro,MNE,2012,174
Montenegro,MNE,2013,18
Montenegro,MNE,2014,10
Montenegro,MNE,2015,98
Montenegro,MNE,2016,52
Montenegro,MNE,2017,148
Montenegro,MNE,2018,20
Montenegro,MNE,2019,66
Montenegro,MNE,2020,127
Montenegro,MNE,2021,64
Montenegro,MNE,2022,75
Montenegro,MNE,2023,0
Montenegro,MNE,2024,47
Montenegro,MNE,2025,57
Montenegro,MNE,2026,22
Montserrat,MSR,2012,0
Montserrat,MSR,2013,0
Montserrat,MSR,2014,0
Montserrat,MSR,2015,0
Montserrat,MSR,2016,0
Montserrat,MSR,2017,0
Montserrat,MSR,2018,0
Montserrat,MSR,2019,0
Montserrat,MSR,2020,1
Montserrat,MSR,2021,0
Montserrat,MSR,2022,0
Montserrat,MSR,2023,0
Montserrat,MSR,2024,0
Montserrat,MSR,2025,0
Montserrat,MSR,2026,0
Morocco,MAR,2012,44
Morocco,MAR,2013,34
Morocco,MAR,2014,36
Morocco,MAR,2015,26
Morocco,MAR,2016,37
Morocco,MAR,2017,38
Morocco,MAR,2018,51
Morocco,MAR,2019,42
Morocco,MAR,2020,38
Morocco,MAR,2021,42
Morocco,MAR,2022,46
Morocco,MAR,2023,47
Morocco,MAR,2024,23
Morocco,MAR,2025,24
Morocco,MAR,2026,0
Mozambique,MOZ,2012,47458
Mozambique,MOZ,2013,45995
Mozambique,MOZ,2014,48570
Mozambique,MOZ,2015,49857
Mozambique,MOZ,2016,41989
Mozambique,MOZ,2017,43018
Mozambique,MOZ,2018,50286
Mozambique,MOZ,2019,48421
Mozambique,MOZ,2020,43592
Mozambique,MOZ,2021,46866
Mozambique,MOZ,2022,39036
Mozambique,MOZ,2023,43301
Mozambique,MOZ,2024,40488
Mozambique,MOZ,2025,41664
Mozambique,MOZ,2026,151
Myanmar,MMR,2012,19029
Myanmar,MMR,2013,19897
Myanmar,MMR,2014,19686
Myanmar,MMR,2015,17256
Myanmar,MMR,2016,16328
Myanmar,MMR,2017,13942
Myanmar,MMR,2018,10492
Myanmar,MMR,2019,18015
Myanmar,MMR,2020,20840
Myanmar,MMR,2021,17278
Myanmar,MMR,2022,12910
Myanmar,MMR,2023,18758
Myanmar,MMR,2024,13172
Myanmar,MMR,2025,13545
Myanmar,MMR,2026,17346
Namibia,NAM,2012,5236
Namibia,NAM,2013,2899
Namibia,NAM,2014,2692
Namibia,NAM,2015,2386
Namibia,NAM,2016,2032
Namibia,NAM,2017,2575
Namibia,NAM,2018,1809
Namibia,NAM,2019,1003
Namibia,NAM,2020,2539
Namibia,NAM,2021,2872
Namibia,NAM,2022,2286
Namibia,NAM,2023,2381
Namibia,NAM,2024,1190
Namibia,NAM,2025,1361
Namibia,NAM,2026,28
Nauru,NRU,2012,0
Nauru,NRU,2013,0
Nauru,NRU,2014,0
Nauru,NRU,2015,0
Nauru,NRU,2016,0
Nauru,NRU,2017,0
Nauru,NRU,2018,0
Nauru,NRU,2019,0
Nauru,NRU,2020,0
Nauru,NRU,2021,0
Nauru,NRU,2022,0
Nauru,NRU,2023,0
Nauru,NRU,2024,0
Nauru,NRU,2025,0
Nauru,NRU,2026,0
Nepal,NPL,2012,1528
Nepal,NPL,2013,1104
Nepal,NPL,2014,1809
Nepal,NPL,2015,449
Nepal,NPL,2016,2964
Nepal,NPL,2017,780
Nepal,NPL,2018,1077
Nepal,NPL,2019,1339
Nepal,NPL,2020,484
Nepal,NPL,2021,3170
Nepal,NPL,2022,963
Nepal,NPL,2023,1701
Nepal,NPL,2024,1235
Nepal,NPL,2025,677
Nepal,NPL,2026,704
Netherlands,NLD,2012,0
Netherlands,NLD,2013,3
Netherlands,NLD,2014,3
Netherlands,NLD,2015,2
Netherlands,NLD,2016,0
Netherlands,NLD,2017,0
Netherlands,NLD,2018,3
Netherlands,NLD,2019,2
Netherlands,NLD,2020,2
Netherlands,NLD,2021,1
Netherlands,NLD,2022,3
Netherlands,NLD,2023,4
Netherlands,NLD,2024,2
Netherlands,NLD,2025,3
Netherlands,NLD,2026,5
New Caledonia,NCL,2012,10
New Caledonia,NCL,2013,37
New Caledonia,NCL,2014,76
New Caledonia,NCL,2015,52
New Caledonia,NCL,2016,81
New Caledonia,NCL,2017,152
New Caledonia,NCL,2018,39
New Caledonia,NCL,2019,140
New Caledonia,NCL,2020,38
New Caledonia,NCL,2021,86
New Caledonia,NCL,2022,30
New Caledonia,NCL,2023,91
New Caledonia,NCL,2024,79
New Caledonia,NCL,2025,19
New Caledonia,NCL,2026,2
New Zealand,NZL,2012,205
New Zealand,NZL,2013,219
New Zealand,NZL,2014,226
New Zealand,NZL,2015,225
New Zealand,NZL,2016,182
New Zealand,NZL,2017,143
New Zealand,NZL,2018,141
New Zealand,NZL,2019,226
New Zealand,NZL,2020,173
New Zealand,NZL,2021,170
New Zealand,NZL,2022,156
New Zealand,NZL,2023,94
New Zealand,NZL,2024,104
New Zealand,NZL,2025,183
New Zealand,NZL,2026,152
Nicaragua,NIC,2012,823
Nicaragua,NIC,2013,1908
Nicaragua,NIC,2014,1796
Nicaragua,NIC,2015,1165
Nicaragua,NIC,2016,1727
Nicaragua,NIC,2017,857
Nicaragua,NIC,2018,1422
Nicaragua,NIC,2019,1830
Nicaragua,NIC,2020,1983
Nicaragua,NIC,2021,851
Nicaragua,NIC,2022,976
Nicaragua,NIC,2023,3896
Nicaragua,NIC,2024,1902
Nicaragua,NIC,2025,858
Nicaragua,NIC,2026,3151
Niger,NER,2012,322
Niger,NER,2013,312
Niger,NER,2014,266
Niger,NER,2015,207
Niger,NER,2016,353
Niger,NER,2017,327
Niger,NER,2018,259
Niger,NER,2019,399
Niger,NER,2020,434
Niger,NER,2021,620
Niger,NER,2022,508
Niger,NER,2023,467
Niger,NER,2024,599
Niger,NER,2025,1105
Niger,NER,2026,369
Nigeria,NGA,2012,11344
Nigeria,NGA,2013,15459
Nigeria,NGA,2014,16037
Nigeria,NGA,2015,18252
Nigeria,NGA,2016,19711
Nigeria,NGA,2017,19030
Nigeria,NGA,2018,14325
Nigeria,NGA,2019,16345
Nigeria,NGA,2020,18950
Nigeria,NGA,2021,19713
Nigeria,NGA,2022,19986
Nigeria,NGA,2023,15954
Nigeria,NGA,2024,18350
Nigeria,NGA,2025,17020
Nigeria,NGA,2026,12962
Niue,NIU,2012,0
Niue,NIU,2013,0
Niue,NIU,2014,0
Niue,NIU,2015,0
Niue,NIU,2016,0
Niue,NIU,2017,0
Niue,NIU,2018,0
Niue,NIU,2019,0
Niue,NIU,2020,0
Niue,NIU,2021,0
Niue,NIU,2022,0
Niue,NIU,2023,0
Niue,NIU,2024,0
Niue,NIU,2025,0
Niue,NIU,2026,0
Norfolk Island,NFK,2012,0
Norfolk Island,NFK,2013,0
Norfolk Island,NFK,2014,0
Norfolk Island,NFK,2015,0
Norfolk Island,NFK,2016,0
Norfolk Island,NFK,2017,0
Norfolk Island,NFK,2018,0
Norfolk Island,NFK,2019,0
Norfolk Island,NFK,2020,0
Norfolk Island,NFK,2021,0
Norfolk Island,NFK,2022,0
Norfolk Island,NFK,2023,0
Norfolk Island,NFK,2024,0
Norfolk Island,NFK,2025,0
Norfolk Island,NFK,2026,0
North America,OWID_NAM,2012,34133
North America,OWID_NAM,2013,44418
North America,OWID_NAM,2014,34007
North America,OWID_NAM,2015,39570
North America,OWID_NAM,2016,39846
North America,OWID_NAM,2017,43602
North America,OWID_NAM,2018,33659
North America,OWID_NAM,2019,42810
North America,OWID_NAM,2020,40542
North America,OWID_NAM,2021,37923
North America,OWID_NAM,2022,38769
North America,OWID_NAM,2023,64084
North America,OWID_NAM,2024,30349
North America,OWID_NAM,2025,47462
North America,OWID_NAM,2026,44151
North Korea,PRK,2012,223
North Korea,PRK,2013,233
North Korea,PRK,2014,1071
North Korea,PRK,2015,339
North Korea,PRK,2016,90
North Korea,PRK,2017,175
North Korea,PRK,2018,141
North Korea,PRK,2019,229
North Korea,PRK,2020,90
North Korea,PRK,2021,25
North Korea,PRK,2022,62
North Korea,PRK,2023,32
North Korea,PRK,2024,46
North Korea,PRK,2025,27
North Korea,PRK,2026,63
North Macedonia,MKD,2012,123
North Macedonia,MKD,2013,77
North Macedonia,MKD,2014,44
North Macedonia,MKD,2015,84
North Macedonia,MKD,2016,52
North Macedonia,MKD,2017,130
North Macedonia,MKD,2018,94
North Macedonia,MKD,2019,154
North Macedonia,MKD,2020,40
North Macedonia,MKD,2021,74
North Macedonia,MKD,2022,35
North Macedonia,MKD,2023,67
North Macedonia,MKD,2024,117
North Macedonia,MKD,2025,67
North Macedonia,MKD,2026,9
Northern Cyprus,OWID_CYN,2012,9
Northern Cyprus,OWID_CYN,2013,2
Northern Cyprus,OWID_CYN,2014,1
Northern Cyprus,OWID_CYN,2015,0
Northern Cyprus,OWID_CYN,2016,0
Northern Cyprus,OWID_CYN,2017,1
Northern Cyprus,OWID_CYN,2018,1
Northern Cyprus,OWID_CYN,2019,0
Northern Cyprus,OWID_CYN,2020,2
Northern Cyprus,OWID_CYN,2021,2
Northern Cyprus,OWID_CYN,2022,3
Northern Cyprus,OWID_CYN,2023,1
Northern Cyprus,OWID_CYN,2024,3
Northern Cyprus,OWID_CYN,2025,0
Northern Cyprus,OWID_CYN,2026,0
Northern Mariana Islands,MNP,2012,3
Northern Mariana Islands,MNP,2013,2
Northern Mariana Islands,MNP,2014,0
Northern Mariana Islands,MNP,2015,0
Northern Mariana Islands,MNP,2016,4
Northern Mariana Islands,MNP,2017,2
Northern Mariana Islands,MNP,2018,2
Northern Mariana Islands,MNP,2019,4
Northern Mariana Islands,MNP,2020,1
Northern Mariana Islands,MNP,2021,2
Northern Mariana Islands,MNP,2022,0
Northern Mariana Islands,MNP,2023,1
Northern Mariana Islands,MNP,2024,3
Northern Mariana Islands,MNP,2025,1
Northern Mariana Islands,MNP,2026,0
Norway,NOR,2012,3
Norway,NOR,2013,6
Norway,NOR,2014,12
Norway,NOR,2015,3
Norway,NOR,2016,2
Norway,NOR,2017,6
Norway,NOR,2018,10
Norway,NOR,2019,13
Norway,NOR,2020,3
Norway,NOR,2021,4
Norway,NOR,2022,6
Norway,NOR,2023,3
Norway,NOR,2024,1
Norway,NOR,2025,2
Norway,NOR,2026,6
Oceania,OWID_OCE,2012,54775
Oceania,OWID_OCE,2013,32516
Oceania,OWID_OCE,2014,40704
Oceania,OWID_OCE,2015,43060
Oceania,OWID_OCE,2016,32671
Oceania,OWID_OCE,2017,47720
Oceania,OWID_OCE,2018,44021
Oceania,OWID_OCE,2019,34661
Oceania,OWID_OCE,2020,27859
Oceania,OWID_OCE,2021,37637
Oceania,OWID_OCE,2022,37180
Oceania,OWID_OCE,2023,50236
Oceania,OWID_OCE,2024,39277
Oceania,OWID_OCE,2025,41933
Oceania,OWID_OCE,2026,11472
Oman,OMN,2012,4
Oman,OMN,2013,1
Oman,OMN,2014,3
Oman,OMN,2015,3
Oman,OMN,2016,3
Oman,OMN,2017,6
Oman,OMN,2018,3
Oman,OMN,2019,3
Oman,OMN,2020,7
Oman,OMN,2021,18
Oman,OMN,2022,7
Oman,OMN,2023,0
Oman,OMN,2024,0
Oman,OMN,2025,1
Oman,OMN,2026,1
Pakistan,PAK,2012,1180
Pakistan,PAK,2013,826
Pakistan,PAK,2014,957
Pakistan,PAK,2015,678
Pakistan,PAK,2016,1345
Pakistan,PAK,2017,1250
Pakistan,PAK,2018,1403
Pakistan,PAK,2019,868
Pakistan,PAK,2020,864
Pakistan,PAK,2021,1565
Pakistan,PAK,2022,1360
Pakistan,PAK,2023,604
Pakistan,PAK,2024,946
Pakistan,PAK,2025,1208
Pakistan,PAK,2026,529
Palau,PLW,2012,0
Palau,PLW,2013,1
Palau,PLW,2014,0
Palau,PLW,2015,0
Palau,PLW,2016,0
Palau,PLW,2017,0
Palau,PLW,2018,1
Palau,PLW,2019,0
Palau,PLW,2020,1
Palau,PLW,2021,0
Palau,PLW,2022,0
Palau,PLW,2023,0
Palau,PLW,2024,0
Palau,PLW,2025,0
Palau,PLW,2026,0
Palestine,PSE,2012,2
Palestine,PSE,2013,10
Palestine,PSE,2014,1
Palestine,PSE,2015,14
Palestine,PSE,2016,15
Palestine,PSE,2017,1
Palestine,PSE,2018,0
Palestine,PSE,2019,11
Palestine,PSE,2020,16
Palestine,PSE,2021,19
Palestine,PSE,2022,5
Palestine,PSE,2023,5
Palestine,PSE,2024,6
Palestine,PSE,2025,6
Palestine,PSE,2026,2
Panama,PAN,2012,425
Panama,PAN,2013,373
Panama,PAN,2014,450
Panama,PAN,2015,662
Panama,PAN,2016,722
Panama,PAN,2017,367
Panama,PAN,2018,235
Panama,PAN,2019,865
Panama,PAN,2020,586
Panama,PAN,2021,280
Panama,PAN,2022,315
Panama,PAN,2023,691
Panama,PAN,2024,288
Panama,PAN,2025,167
Panama,PAN,2026,1095
Papua New Guinea,PNG,2012,1211
Papua New Guinea,PNG,2013,1205
Papua New Guinea,PNG,2014,1747
Papua New Guinea,PNG,2015,5544
Papua New Guinea,PNG,2016,957
Papua New Guinea,PNG,2017,1280
Papua New Guinea,PNG,2018,2540
Papua New Guinea,PNG,2019,1499
Papua New Guinea,PNG,2020,876
Papua New Guinea,PNG,2021,1114
Papua New Guinea,PNG,2022,1614
Papua New Guinea,PNG,2023,1707
Papua New Guinea,PNG,2024,1029
Papua New Guinea,PNG,2025,884
Papua New Guinea,PNG,2026,169
Paraguay,PRY,2012,6333
Paraguay,PRY,2013,9599
Paraguay,PRY,2014,5729
Paraguay,PRY,2015,5466
Paraguay,PRY,2016,7970
Paraguay,PRY,2017,9140
Paraguay,PRY,2018,6052
Paraguay,PRY,2019,7979
Paraguay,PRY,2020,11636
Paraguay,PRY,2021,7983
Paraguay,PRY,2022,6525
Paraguay,PRY,2023,5837
Paraguay,PRY,2024,6415
Paraguay,PRY,2025,4266
Paraguay,PRY,2026,1529
Peru,PER,2012,4078
Peru,PER,2013,2803
Peru,PER,2014,2373
Peru,PER,2015,3234
Peru,PER,2016,4255
Peru,PER,2017,2304
Peru,PER,2018,3034
Peru,PER,2019,3744
Peru,PER,2020,4483
Peru,PER,2021,2990
Peru,PER,2022,4205
Peru,PER,2023,2257
Peru,PER,2024,4128
Peru,PER,2025,2498
Peru,PER,2026,97
Philippines,PHL,2012,510
Philippines,PHL,2013,702
Philippines,PHL,2014,1030
Philippines,PHL,2015,1475
Philippines,PHL,2016,1704
Philippines,PHL,2017,590
Philippines,PHL,2018,669
Philippines,PHL,2019,1480
Philippines,PHL,2020,1268
Philippines,PHL,2021,584
Philippines,PHL,2022,459
Philippines,PHL,2023,674
Philippines,PHL,2024,1207
Philippines,PHL,2025,316
Philippines,PHL,2026,1460
Pitcairn,PCN,2012,0
Pitcairn,PCN,2013,0
Pitcairn,PCN,2014,0
Pitcairn,PCN,2015,0
Pitcairn,PCN,2016,0
Pitcairn,PCN,2017,0
Pitcairn,PCN,2018,0
Pitcairn,PCN,2019,0
Pitcairn,PCN,2020,0
Pitcairn,PCN,2021,0
Pitcairn,PCN,2022,0
Pitcairn,PCN,2023,0
Pitcairn,PCN,2024,0
Pitcairn,PCN,2025,0
Pitcairn,PCN,2026,0
Poland,POL,2012,39
Poland,POL,2013,11
Poland,POL,2014,30
Poland,POL,2015,47
Poland,POL,2016,23
Poland,POL,2017,9
Poland,POL,2018,28
Poland,POL,2019,38
Poland,POL,2020,32
Poland,POL,2021,12
Poland,POL,2022,28
Poland,POL,2023,7
Poland,POL,2024,17
Poland,POL,2025,27
Poland,POL,2026,15
Portugal,PRT,2012,331
Portugal,PRT,2013,402
Portugal,PRT,2014,85
Portugal,PRT,2015,244
Portugal,PRT,2016,304
Portugal,PRT,2017,478
Portugal,PRT,2018,85
Portugal,PRT,2019,163
Portugal,PRT,2020,122
Portugal,PRT,2021,134
Portugal,PRT,2022,177
Portugal,PRT,2023,102
Portugal,PRT,2024,125
Portugal,PRT,2025,181
Portugal,PRT,2026,111
Puerto Rico,PRI,2012,8
Puerto Rico,PRI,2013,9
Puerto Rico,PRI,2014,7
Puerto Rico,PRI,2015,6
Puerto Rico,PRI,2016,6
Puerto Rico,PRI,2017,5
Puerto Rico,PRI,2018,6
Puerto Rico,PRI,2019,10
Puerto Rico,PRI,2020,0
Puerto Rico,PRI,2021,3
Puerto Rico,PRI,2022,7
Puerto Rico,PRI,2023,4
Puerto Rico,PRI,2024,3
Puerto Rico,PRI,2025,3
Puerto Rico,PRI,2026,3
Qatar,QAT,2012,9
Qatar,QAT,2013,11
Qatar,QAT,2014,19
Qatar,QAT,2015,18
Qatar,QAT,2016,22
Qatar,QAT,2017,13
Qatar,QAT,2018,10
Qatar,QAT,2019,19
Qatar,QAT,2020,3
Qatar,QAT,2021,0
Qatar,QAT,2022,0
Qatar,QAT,2023,0
Qatar,QAT,2024,0
Qatar,QAT,2025,0
Qatar,QAT,2026,0
Reunion,REU,2012,0
Reunion,REU,2013,1
Reunion,REU,2014,2
Reunion,REU,2015,11
Reunion,REU,2016,8
Reunion,REU,2017,19
Reunion,REU,2018,7
Reunion,REU,2019,11
Reunion,REU,2020,6
Reunion,REU,2021,8
Reunion,REU,2022,9
Reunion,REU,2023,5
Reunion,REU,2024,0
Reunion,REU,2025,0
Reunion,REU,2026,3
Romania,ROU,2012,1408
Romania,ROU,2013,720
Romania,ROU,2014,734
Romania,ROU,2015,636
Romania,ROU,2016,854
Romania,ROU,2017,827
Romania,ROU,2018,1014
Romania,ROU,2019,1032
Romania,ROU,2020,748
Romania,ROU,2021,577
Romania,ROU,2022,898
Romania,ROU,2023,183
Romania,ROU,2024,260
Romania,ROU,2025,406
Romania,ROU,2026,94
Russia,RUS,2012,39773
Russia,RUS,2013,22007
Russia,RUS,2014,43965
Russia,RUS,2015,31190
Russia,RUS,2016,24409
Russia,RUS,2017,26588
Russia,RUS,2018,27149
Russia,RUS,2019,29672
Russia,RUS,2020,31540
Russia,RUS,2021,23993
Russia,RUS,2022,22522
Russia,RUS,2023,17808
Russia,RUS,2024,17753
Russia,RUS,2025,13808
Russia,RUS,2026,4972
Rwanda,RWA,2012,56
Rwanda,RWA,2013,126
Rwanda,RWA,2014,31
Rwanda,RWA,2015,95
Rwanda,RWA,2016,119
Rwanda,RWA,2017,57
Rwanda,RWA,2018,42
Rwanda,RWA,2019,69
Rwanda,RWA,2020,60
Rwanda,RWA,2021,48
Rwanda,RWA,2022,52
Rwanda,RWA,2023,34
Rwanda,RWA,2024,45
Rwanda,RWA,2025,30
Rwanda,RWA,2026,4
Saint Barthelemy,BLM,2012,0
Saint Barthelemy,BLM,2013,0
Saint Barthelemy,BLM,2014,0
Saint Barthelemy,BLM,2015,0
Saint Barthelemy,BLM,2016,0
Saint Barthelemy,BLM,2017,0
Saint Barthelemy,BLM,2018,0
Saint Barthelemy,BLM,2019,0
Saint Barthelemy,BLM,2020,0
Saint Barthelemy,BLM,2021,0
Saint Barthelemy,BLM,2022,0
Saint Barthelemy,BLM,2023,0
Saint Barthelemy,BLM,2024,0
Saint Barthelemy,BLM,2025,0
Saint Barthelemy,BLM,2026,0
Saint Helena,SHN,2012,0
Saint Helena,SHN,2013,0
Saint Helena,SHN,2014,0
Saint Helena,SHN,2015,0
Saint Helena,SHN,2016,0
Saint Helena,SHN,2017,0
Saint Helena,SHN,2018,0
Saint Helena,SHN,2019,0
Saint Helena,SHN,2020,0
Saint Helena,SHN,2021,0
Saint Helena,SHN,2022,0
Saint Helena,SHN,2023,0
Saint Helena,SHN,2024,0
Saint Helena,SHN,2025,0
Saint Helena,SHN,2026,0
Saint Kitts and Nevis,KNA,2012,0
Saint Kitts and Nevis,KNA,2013,1
Saint Kitts and Nevis,KNA,2014,3
Saint Kitts and Nevis,KNA,2015,1
Saint Kitts and Nevis,KNA,2016,0
Saint Kitts and Nevis,KNA,2017,1
Saint Kitts and Nevis,KNA,2018,2
Saint Kitts and Nevis,KNA,2019,3
Saint Kitts and Nevis,KNA,2020,1
Saint Kitts and Nevis,KNA,2021,0
Saint Kitts and Nevis,KNA,2022,1
Saint Kitts and Nevis,KNA,2023,0
Saint Kitts and Nevis,KNA,2024,0
Saint Kitts and Nevis,KNA,2025,1
Saint Kitts and Nevis,KNA,2026,3
Saint Lucia,LCA,2012,0
Saint Lucia,LCA,2013,0
Saint Lucia,LCA,2014,0
Saint Lucia,LCA,2015,1
Saint Lucia,LCA,2016,0
Saint Lucia,LCA,2017,0
Saint Lucia,LCA,2018,0
Saint Lucia,LCA,2019,0
Saint Lucia,LCA,2020,1
Saint Lucia,LCA,2021,0
Saint Lucia,LCA,2022,0
Saint Lucia,LCA,2023,0
Saint Lucia,LCA,2024,0
Saint Lucia,LCA,2025,0
Saint Lucia,LCA,2026,0
Saint Martin (French part),MAF,2012,0
Saint Martin (French part),MAF,2013,0
Saint Martin (French part),MAF,2014,0
Saint Martin (French part),MAF,2015,0
Saint Martin (French part),MAF,2016,0
Saint Martin (French part),MAF,2017,0
Saint Martin (French part),MAF,2018,0
Saint Martin (French part),MAF,2019,0
Saint Martin (French part),MAF,2020,0
Saint Martin (French part),MAF,2021,0
Saint Martin (French part),MAF,2022,0
Saint Martin (French part),MAF,2023,0
Saint Martin (French part),MAF,2024,0
Saint Martin (French part),MAF,2025,0
Saint Martin (French part),MAF,2026,0
Saint Pierre and Miquelon,SPM,2012,0
Saint Pierre and Miquelon,SPM,2013,0
Saint Pierre and Miquelon,SPM,2014,0
Saint Pierre and Miquelon,SPM,2015,0
Saint Pierre and Miquelon,SPM,2016,0
Saint Pierre and Miquelon,SPM,2017,0
Saint Pierre and Miquelon,SPM,2018,0
Saint Pierre and Miquelon,SPM,2019,0
Saint Pierre and Miquelon,SPM,2020,0
Saint Pierre and Miquelon,SPM,2021,0
Saint Pierre and Miquelon,SPM,2022,0
Saint Pierre and Miquelon,SPM,2023,0
Saint Pierre and Miquelon,SPM,2024,0
Saint Pierre and Miquelon,SPM,2025,0
Saint Pierre and Miquelon,SPM,2026,0
Saint Vincent and the Grenadines,VCT,2012,0
Saint Vincent and the Grenadines,VCT,2013,0
Saint Vincent and the Grenadines,VCT,2014,0
Saint Vincent and the Grenadines,VCT,2015,0
Saint Vincent and the Grenadines,VCT,2016,0
Saint Vincent and the Grenadines,VCT,2017,0
Saint Vincent and the Grenadines,VCT,2018,0
Saint Vincent and the Grenadines,VCT,2019,0
Saint Vincent and the Grenadines,VCT,2020,1
Saint Vincent and the Grenadines,VCT,2021,8
Saint Vincent and the Grenadines,VCT,2022,0
Saint Vincent and the Grenadines,VCT,2023,0
Saint Vincent and the Grenadines,VCT,2024,0
Saint Vincent and the Grenadines,VCT,2025,0
Saint Vincent and the Grenadines,VCT,2026,0
Samoa,WSM,2012,0
Samoa,WSM,2013,0
Samoa,WSM,2014,0
Samoa,WSM,2015,0
Samoa,WSM,2016,0
Samoa,WSM,2017,0
Samoa,WSM,2018,0
Samoa,WSM,2019,0
Samoa,WSM,2020,0
Samoa,WSM,2021,0
Samoa,WSM,2022,0
Samoa,WSM,2023,0
Samoa,WSM,2024,0
Samoa,WSM,2025,0
Samoa,WSM,2026,0
San Marino,SMR,2012,0
San Marino,SMR,2013,0
San Marino,SMR,2014,0
San Marino,SMR,2015,0
San Marino,SMR,2016,0
San Marino,SMR,2017,0
San Marino,SMR,2018,0
San Marino,SMR,2019,0
San Marino,SMR,2020,0
San Marino,SMR,2021,0
San Marino,SMR,2022,0
San Marino,SMR,2023,0
San Marino,SMR,2024,0
San Marino,SMR,2025,0
San Marino,SMR,2026,0
Sao Tome and Principe,STP,2012,2
Sao Tome and Principe,STP,2013,0
Sao Tome and Principe,STP,2014,0
Sao Tome and Principe,STP,2015,0
Sao Tome and Principe,STP,2016,0
Sao Tome and Principe,STP,2017,0
Sao Tome and Principe,STP,2018,0
Sao Tome and Principe,STP,2019,2
Sao Tome and Principe,STP,2020,3
Sao Tome and Principe,STP,2021,0
Sao Tome and Principe,STP,2022,0
Sao Tome and Principe,STP,2023,0
Sao Tome and Principe,STP,2024,1
Sao Tome and Principe,STP,2025,3
Sao Tome and Principe,STP,2026,0
Saudi Arabia,SAU,2012,29
Saudi Arabia,SAU,2013,38
Saudi Arabia,SAU,2014,41
Saudi Arabia,SAU,2015,36
Saudi Arabia,SAU,2016,29
Saudi Arabia,SAU,2017,32
Saudi Arabia,SAU,2018,28
Saudi Arabia,SAU,2019,30
Saudi Arabia,SAU,2020,27
Saudi Arabia,SAU,2021,46
Saudi Arabia,SAU,2022,26
Saudi Arabia,SAU,2023,31
Saudi Arabia,SAU,2024,28
Saudi Arabia,SAU,2025,45
Saudi Arabia,SAU,2026,8
Senegal,SEN,2012,4101
Senegal,SEN,2013,5264
Senegal,SEN,2014,4764
Senegal,SEN,2015,3374
Senegal,SEN,2016,5486
Senegal,SEN,2017,5566
Senegal,SEN,2018,2974
Senegal,SEN,2019,4767
Senegal,SEN,2020,5675
Senegal,SEN,2021,6052
Senegal,SEN,2022,6197
Senegal,SEN,2023,6601
Senegal,SEN,2024,5059
Senegal,SEN,2025,6026
Senegal,SEN,2026,3146
Serbia,SRB,2012,490
Serbia,SRB,2013,250
Serbia,SRB,2014,52
Serbia,SRB,2015,154
Serbia,SRB,2016,100
Serbia,SRB,2017,288
Serbia,SRB,2018,1199
Serbia,SRB,2019,567
Serbia,SRB,2020,141
Serbia,SRB,2021,155
Serbia,SRB,2022,133
Serbia,SRB,2023,132
Serbia,SRB,2024,193
Serbia,SRB,2025,157
Serbia,SRB,2026,18
Seychelles,SYC,2012,0
Seychelles,SYC,2013,0
Seychelles,SYC,2014,0
Seychelles,SYC,2015,0
Seychelles,SYC,2016,0
Seychelles,SYC,2017,0
Seychelles,SYC,2018,0
Seychelles,SYC,2019,0
Seychelles,SYC,2020,0
Seychelles,SYC,2021,0
Seychelles,SYC,2022,0
Seychelles,SYC,2023,0
Seychelles,SYC,2024,0
Seychelles,SYC,2025,0
Seychelles,SYC,2026,0
Sierra Leone,SLE,2012,6139
Sierra Leone,SLE,2013,6122
Sierra Leone,SLE,2014,7644
Sierra Leone,SLE,2015,7568
Sierra Leone,SLE,2016,5514
Sierra Leone,SLE,2017,5384
Sierra Leone,SLE,2018,4298
Sierra Leone,SLE,2019,5794
Sierra Leone,SLE,2020,5675
Sierra Leone,SLE,2021,4240
Sierra Leone,SLE,2022,6135
Sierra Leone,SLE,2023,5587
Sierra Leone,SLE,2024,5476
Sierra Leone,SLE,2025,4160
Sierra Leone,SLE,2026,5219
Singapore,SGP,2012,0
Singapore,SGP,2013,0
Singapore,SGP,2014,0
Singapore,SGP,2015,0
Singapore,SGP,2016,0
Singapore,SGP,2017,0
Singapore,SGP,2018,0
Singapore,SGP,2019,0
Singapore,SGP,2020,0
Singapore,SGP,2021,0
Singapore,SGP,2022,0
Singapore,SGP,2023,0
Singapore,SGP,2024,0
Singapore,SGP,2025,0
Singapore,SGP,2026,0
Sint Maarten (Dutch part),SXM,2012,0
Sint Maarten (Dutch part),SXM,2013,0
Sint Maarten (Dutch part),SXM,2014,0
Sint Maarten (Dutch part),SXM,2015,0
Sint Maarten (Dutch part),SXM,2016,0
Sint Maarten (Dutch part),SXM,2017,0
Sint Maarten (Dutch part),SXM,2018,0
Sint Maarten (Dutch part),SXM,2019,0
Sint Maarten (Dutch part),SXM,2020,0
Sint Maarten (Dutch part),SXM,2021,0
Sint Maarten (Dutch part),SXM,2022,0
Sint Maarten (Dutch part),SXM,2023,0
Sint Maarten (Dutch part),SXM,2024,0
Sint Maarten (Dutch part),SXM,2025,0
Sint Maarten (Dutch part),SXM,2026,0
Slovakia,SVK,2012,11
Slovakia,SVK,2013,6
Slovakia,SVK,2014,10
Slovakia,SVK,2015,6
Slovakia,SVK,2016,2
Slovakia,SVK,2017,4
Slovakia,SVK,2018,5
Slovakia,SVK,2019,2
Slovakia,SVK,2020,5
Slovakia,SVK,2021,0
Slovakia,SVK,2022,11
Slovakia,SVK,2023,1
Slovakia,SVK,2024,0
Slovakia,SVK,2025,1
Slovakia,SVK,2026,6
Slovenia,SVN,2012,2
Slovenia,SVN,2013,1
Slovenia,SVN,2014,0
Slovenia,SVN,2015,0
Slovenia,SVN,2016,2
Slovenia,SVN,2017,3
Slovenia,SVN,2018,0
Slovenia,SVN,2019,1
Slovenia,SVN,2020,0
Slovenia,SVN,2021,0
Slovenia,SVN,2022,6
Slovenia,SVN,2023,1
Slovenia,SVN,2024,1
Slovenia,SVN,2025,2
Slovenia,SVN,2026,2
Solomon Islands,SLB,2012,26
Solomon Islands,SLB,2013,1
Solomon Islands,SLB,2014,2
Solomon Islands,SLB,2015,8
Solomon Islands,SLB,2016,3
Solomon Islands,SLB,2017,2
Solomon Islands,SLB,2018,4
Solomon Islands,SLB,2019,14
Solomon Islands,SLB,2020,12
Solomon Islands,SLB,2021,10
Solomon Islands,SLB,2022,19
Solomon Islands,SLB,2023,13
Solomon Islands,SLB,2024,9
Solomon Islands,SLB,2025,3
Solomon Islands,SLB,2026,0
Somalia,SOM,2012,231
Somalia,SOM,2013,181
Somalia,SOM,2014,182
Somalia,SOM,2015,33
Somalia,SOM,2016,99
Somalia,SOM,2017,37
Somalia,SOM,2018,28
Somalia,SOM,2019,62
Somalia,SOM,2020,54
Somalia,SOM,2021,84
Somalia,SOM,2022,43
Somalia,SOM,2023,32
Somalia,SOM,2024,50
Somalia,SOM,2025,81
Somalia,SOM,2026,18
South Africa,ZAF,2012,9524
South Africa,ZAF,2013,10589
South Africa,ZAF,2014,9833
South Africa,ZAF,2015,7146
South Africa,ZAF,2016,5281
South Africa,ZAF,2017,8028
South Africa,ZAF,2018,7566
South Africa,ZAF,2019,8498
South Africa,ZAF,2020,8573
South Africa,ZAF,2021,10588
South Africa,ZAF,2022,8523
South Africa,ZAF,2023,9141
South Africa,ZAF,2024,7980
South Africa,ZAF,2025,5810
South Africa,ZAF,2026,972
South America,OWID_SAM,2012,116571
South America,OWID_SAM,2013,98734
South America,OWID_SAM,2014,108660
South America,OWID_SAM,2015,132480
South America,OWID_SAM,2016,123212
South America,OWID_SAM,2017,119966
South America,OWID_SAM,2018,102398
South America,OWID_SAM,2019,122793
South America,OWID_SAM,2020,152599
South America,OWID_SAM,2021,108292
South America,OWID_SAM,2022,133253
South America,OWID_SAM,2023,120666
South America,OWID_SAM,2024,128356
South America,OWID_SAM,2025,92708
South America,OWID_SAM,2026,35086
South Georgia and the South Sandwich Islands,SGS,2012,0
South Georgia and the South Sandwich Islands,SGS,2013,0
South Georgia and the South Sandwich Islands,SGS,2014,0
South Georgia and the South Sandwich Islands,SGS,2015,0
South Georgia and the South Sandwich Islands,SGS,2016,0
South Georgia and the South Sandwich Islands,SGS,2017,0
South Georgia and the South Sandwich Islands,SGS,2018,0
South Georgia and the South Sandwich Islands,SGS,2019,0
South Georgia and the South Sandwich Islands,SGS,2020,0
South Georgia and the South Sandwich Islands,SGS,2021,0
South Georgia and the South Sandwich Islands,SGS,2022,0
South Georgia and the South Sandwich Islands,SGS,2023,0
South Georgia and the South Sandwich Islands,SGS,2024,0
South Georgia and the South Sandwich Islands,SGS,2025,0
South Georgia and the South Sandwich Islands,SGS,2026,0
South Korea,KOR,2012,4
South Korea,KOR,2013,15
South Korea,KOR,2014,14
South Korea,KOR,2015,22
South Korea,KOR,2016,12
South Korea,KOR,2017,16
South Korea,KOR,2018,9
South Korea,KOR,2019,19
South Korea,KOR,2020,25
South Korea,KOR,2021,8
South Korea,KOR,2022,28
South Korea,KOR,2023,13
South Korea,KOR,2024,1
South Korea,KOR,2025,38
South Korea,KOR,2026,15
South Sudan,SSD,2012,30842
South Sudan,SSD,2013,38253
South Sudan,SSD,2014,38716
South Sudan,SSD,2015,45308
South Sudan,SSD,2016,43972
South Sudan,SSD,2017,40344
South Sudan,SSD,2018,27084
South Sudan,SSD,2019,29057
South Sudan,SSD,2020,44197
South Sudan,SSD,2021,44284
South Sudan,SSD,2022,34097
South Sudan,SSD,2023,36480
South Sudan,SSD,2024,39900
South Sudan,SSD,2025,38748
South Sudan,SSD,2026,20949
Spain,ESP,2012,589
Spain,ESP,2013,356
Spain,ESP,2014,338
Spain,ESP,2015,395
Spain,ESP,2016,323
Spain,ESP,2017,636
Spain,ESP,2018,204
Spain,ESP,2019,433
Spain,ESP,2020,310
Spain,ESP,2021,280
Spain,ESP,2022,492
Spain,ESP,2023,322
Spain,ESP,2024,212
Spain,ESP,2025,424
Spain,ESP,2026,209
Sri Lanka,LKA,2012,329
Sri Lanka,LKA,2013,263
Sri Lanka,LKA,2014,247
Sri Lanka,LKA,2015,108
Sri Lanka,LKA,2016,250
Sri Lanka,LKA,2017,109
Sri Lanka,LKA,2018,184
Sri Lanka,LKA,2019,178
Sri Lanka,LKA,2020,150
Sri Lanka,LKA,2021,70
Sri Lanka,LKA,2022,99
Sri Lanka,LKA,2023,160
Sri Lanka,LKA,2024,54
Sri Lanka,LKA,2025,91
Sri Lanka,LKA,2026,13
Sudan,SDN,2012,10279
Sudan,SDN,2013,10954
Sudan,SDN,2014,9863
Sudan,SDN,2015,9694
Sudan,SDN,2016,9516
Sudan,SDN,2017,9624
Sudan,SDN,2018,6097
Sudan,SDN,2019,9719
Sudan,SDN,2020,12028
Sudan,SDN,2021,12667
Sudan,SDN,2022,8675
Sudan,SDN,2023,10681
Sudan,SDN,2024,9840
Sudan,SDN,2025,15875
Sudan,SDN,2026,5807
Suriname,SUR,2012,154
Suriname,SUR,2013,57
Suriname,SUR,2014,125
Suriname,SUR,2015,198
Suriname,SUR,2016,174
Suriname,SUR,2017,85
Suriname,SUR,2018,205
Suriname,SUR,2019,138
Suriname,SUR,2020,147
Suriname,SUR,2021,58
Suriname,SUR,2022,42
Suriname,SUR,2023,402
Suriname,SUR,2024,284
Suriname,SUR,2025,181
Suriname,SUR,2026,26
Svalbard and Jan Mayen,SJM,2012,0
Svalbard and Jan Mayen,SJM,2013,0
Svalbard and Jan Mayen,SJM,2014,0
Svalbard and Jan Mayen,SJM,2015,0
Svalbard and Jan Mayen,SJM,2016,0
Svalbard and Jan Mayen,SJM,2017,1
Svalbard and Jan Mayen,SJM,2018,0
Svalbard and Jan Mayen,SJM,2019,0
Svalbard and Jan Mayen,SJM,2020,0
Svalbard and Jan Mayen,SJM,2021,0
Svalbard and Jan Mayen,SJM,2022,0
Svalbard and Jan Mayen,SJM,2023,0
Svalbard and Jan Mayen,SJM,2024,0
Svalbard and Jan Mayen,SJM,2025,0
Svalbard and Jan Mayen,SJM,2026,0
Sweden,SWE,2012,13
Sweden,SWE,2013,21
Sweden,SWE,2014,34
Sweden,SWE,2015,20
Sweden,SWE,2016,12
Sweden,SWE,2017,11
Sweden,SWE,2018,65
Sweden,SWE,2019,16
Sweden,SWE,2020,56
Sweden,SWE,2021,11
Sweden,SWE,2022,11
Sweden,SWE,2023,6
Sweden,SWE,2024,7
Sweden,SWE,2025,7
Sweden,SWE,2026,2
Switzerland,CHE,2012,0
Switzerland,CHE,2013,0
Switzerland,CHE,2014,0
Switzerland,CHE,2015,2
Switzerland,CHE,2016,2
Switzerland,CHE,2017,3
Switzerland,CHE,2018,4
Switzerland,CHE,2019,1
Switzerland,CHE,2020,1
Switzerland,CHE,2021,1
Switzerland,CHE,2022,2
Switzerland,CHE,2023,1
Switzerland,CHE,2024,0
Switzerland,CHE,2025,0
Switzerland,CHE,2026,0
Syria,SYR,2012,164
Syria,SYR,2013,372
Syria,SYR,2014,139
Syria,SYR,2015,373
Syria,SYR,2016,233
Syria,SYR,2017,175
Syria,SYR,2018,187
Syria,SYR,2019,1223
Syria,SYR,2020,755
Syria,SYR,2021,216
Syria,SYR,2022,150
Syria,SYR,2023,186
Syria,SYR,2024,259
Syria,SYR,2025,89
Syria,SYR,2026,8
Taiwan,TWN,2012,2
Taiwan,TWN,2013,2
Taiwan,TWN,2014,5
Taiwan,TWN,2015,9
Taiwan,TWN,2016,2
Taiwan,TWN,2017,2
Taiwan,TWN,2018,5
Taiwan,TWN,2019,8
Taiwan,TWN,2020,7
Taiwan,TWN,2021,10
Taiwan,TWN,2022,2
Taiwan,TWN,2023,9
Taiwan,TWN,2024,1
Taiwan,TWN,2025,1
Taiwan,TWN,2026,3
Tajikistan,TJK,2012,11
Tajikistan,TJK,2013,36
Tajikistan,TJK,2014,29
Tajikistan,TJK,2015,19
Tajikistan,TJK,2016,27
Tajikistan,TJK,2017,17
Tajikistan,TJK,2018,8
Tajikistan,TJK,2019,14
Tajikistan,TJK,2020,22
Tajikistan,TJK,2021,19
Tajikistan,TJK,2022,14
Tajikistan,TJK,2023,11
Tajikistan,TJK,2024,8
Tajikistan,TJK,2025,23
Tajikistan,TJK,2026,12
Tanzania,TZA,2012,28980
Tanzania,TZA,2013,26980
Tanzania,TZA,2014,23852
Tanzania,TZA,2015,27990
Tanzania,TZA,2016,28467
Tanzania,TZA,2017,22292
Tanzania,TZA,2018,23772
Tanzania,TZA,2019,22067
Tanzania,TZA,2020,24618
Tanzania,TZA,2021,24341
Tanzania,TZA,2022,20115
Tanzania,TZA,2023,17602
Tanzania,TZA,2024,19646
Tanzania,TZA,2025,23169
Tanzania,TZA,2026,225
Thailand,THA,2012,6297
Thailand,THA,2013,7177
Thailand,THA,2014,7592
Thailand,THA,2015,7277
Thailand,THA,2016,9487
Thailand,THA,2017,5290
Thailand,THA,2018,2711
Thailand,THA,2019,10014
Thailand,THA,2020,9751
Thailand,THA,2021,4321
Thailand,THA,2022,1648
Thailand,THA,2023,6863
Thailand,THA,2024,4694
Thailand,THA,2025,3751
Thailand,THA,2026,6457
Togo,TGO,2012,2049
Togo,TGO,2013,3168
Togo,TGO,2014,2423
Togo,TGO,2015,3304
Togo,TGO,2016,2549
Togo,TGO,2017,2626
Togo,TGO,2018,1467
Togo,TGO,2019,2018
Togo,TGO,2020,2516
Togo,TGO,2021,1852
Togo,TGO,2022,2168
Togo,TGO,2023,1307
Togo,TGO,2024,1707
Togo,TGO,2025,1286
Togo,TGO,2026,1192
Tokelau,TKL,2012,0
Tokelau,TKL,2013,0
Tokelau,TKL,2014,0
Tokelau,TKL,2015,0
Tokelau,TKL,2016,0
Tokelau,TKL,2017,0
Tokelau,TKL,2018,0
Tokelau,TKL,2019,0
Tokelau,TKL,2020,0
Tokelau,TKL,2021,0
Tokelau,TKL,2022,0
Tokelau,TKL,2023,0
Tokelau,TKL,2024,0
Tokelau,TKL,2025,0
Tokelau,TKL,2026,0
Tonga,TON,2012,0
Tonga,TON,2013,0
Tonga,TON,2014,0
Tonga,TON,2015,0
Tonga,TON,2016,0
Tonga,TON,2017,0
Tonga,TON,2018,0
Tonga,TON,2019,0
Tonga,TON,2020,0
Tonga,TON,2021,0
Tonga,TON,2022,0
Tonga,TON,2023,0
Tonga,TON,2024,0
Tonga,TON,2025,0
Tonga,TON,2026,0
Trinidad and Tobago,TTO,2012,3
Trinidad and Tobago,TTO,2013,9
Trinidad and Tobago,TTO,2014,17
Trinidad and Tobago,TTO,2015,7
Trinidad and Tobago,TTO,2016,25
Trinidad and Tobago,TTO,2017,12
Trinidad and Tobago,TTO,2018,7
Trinidad and Tobago,TTO,2019,12
Trinidad and Tobago,TTO,2020,32
Trinidad and Tobago,TTO,2021,1
Trinidad and Tobago,TTO,2022,4
Trinidad and Tobago,TTO,2023,16
Trinidad and Tobago,TTO,2024,19
Trinidad and Tobago,TTO,2025,9
Trinidad and Tobago,TTO,2026,51
Tunisia,TUN,2012,79
Tunisia,TUN,2013,52
Tunisia,TUN,2014,83
Tunisia,TUN,2015,43
Tunisia,TUN,2016,33
Tunisia,TUN,2017,70
Tunisia,TUN,2018,20
Tunisia,TUN,2019,51
Tunisia,TUN,2020,76
Tunisia,TUN,2021,66
Tunisia,TUN,2022,58
Tunisia,TUN,2023,33
Tunisia,TUN,2024,13
Tunisia,TUN,2025,42
Tunisia,TUN,2026,3
Turkey,TUR,2012,923
Turkey,TUR,2013,1863
Turkey,TUR,2014,945
Turkey,TUR,2015,2903
Turkey,TUR,2016,2209
Turkey,TUR,2017,1303
Turkey,TUR,2018,1260
Turkey,TUR,2019,1175
Turkey,TUR,2020,1449
Turkey,TUR,2021,1038
Turkey,TUR,2022,554
Turkey,TUR,2023,991
Turkey,TUR,2024,1045
Turkey,TUR,2025,908
Turkey,TUR,2026,57
Turkmenistan,TKM,2012,256
Turkmenistan,TKM,2013,379
Turkmenistan,TKM,2014,390
Turkmenistan,TKM,2015,459
Turkmenistan,TKM,2016,631
Turkmenistan,TKM,2017,495
Turkmenistan,TKM,2018,419
Turkmenistan,TKM,2019,717
Turkmenistan,TKM,2020,638
Turkmenistan,TKM,2021,469
Turkmenistan,TKM,2022,364
Turkmenistan,TKM,2023,117
Turkmenistan,TKM,2024,61
Turkmenistan,TKM,2025,222
Turkmenistan,TKM,2026,135
Turks and Caicos Islands,TCA,2012,0
Turks and Caicos Islands,TCA,2013,0
Turks and Caicos Islands,TCA,2014,0
Turks and Caicos Islands,TCA,2015,0
Turks and Caicos Islands,TCA,2016,0
Turks and Caicos Islands,TCA,2017,0
Turks and Caicos Islands,TCA,2018,2
Turks and Caicos Islands,TCA,2019,0
Turks and Caicos Islands,TCA,2020,1
Turks and Caicos Islands,TCA,2021,0
Turks and Caicos Islands,TCA,2022,0
Turks and Caicos Islands,TCA,2023,1
Turks and Caicos Islands,TCA,2024,1
Turks and Caicos Islands,TCA,2025,1
Turks and Caicos Islands,TCA,2026,0
Tuvalu,TUV,2012,0
Tuvalu,TUV,2013,0
Tuvalu,TUV,2014,0
Tuvalu,TUV,2015,0
Tuvalu,TUV,2016,0
Tuvalu,TUV,2017,0
Tuvalu,TUV,2018,0
Tuvalu,TUV,2019,0
Tuvalu,TUV,2020,0
Tuvalu,TUV,2021,0
Tuvalu,TUV,2022,0
Tuvalu,TUV,2023,0
Tuvalu,TUV,2024,0
Tuvalu,TUV,2025,0
Tuvalu,TUV,2026,0
Uganda,UGA,2012,5752
Uganda,UGA,2013,7369
Uganda,UGA,2014,5443
Uganda,UGA,2015,6938
Uganda,UGA,2016,8250
Uganda,UGA,2017,6187
Uganda,UGA,2018,4281
Uganda,UGA,2019,3638
Uganda,UGA,2020,5527
Uganda,UGA,2021,5834
Uganda,UGA,2022,3491
Uganda,UGA,2023,4099
Uganda,UGA,2024,3264
Uganda,UGA,2025,5175
Uganda,UGA,2026,2890
Ukraine,UKR,2012,2784
Ukraine,UKR,2013,2352
Ukraine,UKR,2014,9479
Ukraine,UKR,2015,8706
Ukraine,UKR,2016,4933
Ukraine,UKR,2017,6584
Ukraine,UKR,2018,3980
Ukraine,UKR,2019,4690
Ukraine,UKR,2020,4245
Ukraine,UKR,2021,1631
Ukraine,UKR,2022,2948
Ukraine,UKR,2023,1821
Ukraine,UKR,2024,3509
Ukraine,UKR,2025,2564
Ukraine,UKR,2026,384
United Arab Emirates,ARE,2012,1
United Arab Emirates,ARE,2013,0
United Arab Emirates,ARE,2014,1
United Arab Emirates,ARE,2015,7
United Arab Emirates,ARE,2016,1
United Arab Emirates,ARE,2017,2
United Arab Emirates,ARE,2018,1
United Arab Emirates,ARE,2019,1
United Arab Emirates,ARE,2020,3
United Arab Emirates,ARE,2021,0
United Arab Emirates,ARE,2022,2
United Arab Emirates,ARE,2023,0
United Arab Emirates,ARE,2024,2
United Arab Emirates,ARE,2025,1
United Arab Emirates,ARE,2026,0
United Kingdom,GBR,2012,76
United Kingdom,GBR,2013,60
United Kingdom,GBR,2014,39
United Kingdom,GBR,2015,56
United Kingdom,GBR,2016,37
United Kingdom,GBR,2017,62
United Kingdom,GBR,2018,83
United Kingdom,GBR,2019,104
United Kingdom,GBR,2020,51
United Kingdom,GBR,2021,26
United Kingdom,GBR,2022,109
United Kingdom,GBR,2023,35
United Kingdom,GBR,2024,20
United Kingdom,GBR,2025,120
United Kingdom,GBR,2026,66
United States,USA,2012,12692
United States,USA,2013,12098
United States,USA,2014,13173
United States,USA,2015,14748
United States,USA,2016,14926
United States,USA,2017,15671
United States,USA,2018,12952
United States,USA,2019,14282
United States,USA,2020,13976
United States,USA,2021,14770
United States,USA,2022,16006
United States,USA,2023,16870
United States,USA,2024,9073
United States,USA,2025,23095
United States,USA,2026,19896
United States Minor Outlying Islands,UMI,2012,1
United States Minor Outlying Islands,UMI,2013,0
United States Minor Outlying Islands,UMI,2014,0
United States Minor Outlying Islands,UMI,2015,0
United States Minor Outlying Islands,UMI,2016,0
United States Minor Outlying Islands,UMI,2017,0
United States Minor Outlying Islands,UMI,2018,0
United States Minor Outlying Islands,UMI,2019,0
United States Minor Outlying Islands,UMI,2020,0
United States Minor Outlying Islands,UMI,2021,0
United States Minor Outlying Islands,UMI,2022,0
United States Minor Outlying Islands,UMI,2023,0
United States Minor Outlying Islands,UMI,2024,0
United States Minor Outlying Islands,UMI,2025,0
United States Minor Outlying Islands,UMI,2026,0
United States Virgin Islands,VIR,2012,0
United States Virgin Islands,VIR,2013,0
United States Virgin Islands,VIR,2014,0
United States Virgin Islands,VIR,2015,0
United States Virgin Islands,VIR,2016,0
United States Virgin Islands,VIR,2017,0
United States Virgin Islands,VIR,2018,1
United States Virgin Islands,VIR,2019,0
United States Virgin Islands,VIR,2020,0
United States Virgin Islands,VIR,2021,0
United States Virgin Islands,VIR,2022,0
United States Virgin Islands,VIR,2023,0
United States Virgin Islands,VIR,2024,0
United States Virgin Islands,VIR,2025,0
United States Virgin Islands,VIR,2026,0
Uruguay,URY,2012,169
Uruguay,URY,2013,142
Uruguay,URY,2014,82
Uruguay,URY,2015,292
Uruguay,URY,2016,94
Uruguay,URY,2017,85
Uruguay,URY,2018,127
Uruguay,URY,2019,124
Uruguay,URY,2020,290
Uruguay,URY,2021,129
Uruguay,URY,2022,150
Uruguay,URY,2023,114
Uruguay,URY,2024,40
Uruguay,URY,2025,143
Uruguay,URY,2026,43
Uzbekistan,UZB,2012,438
Uzbekistan,UZB,2013,521
Uzbekistan,UZB,2014,498
Uzbekistan,UZB,2015,333
Uzbekistan,UZB,2016,389
Uzbekistan,UZB,2017,455
Uzbekistan,UZB,2018,410
Uzbekistan,UZB,2019,371
Uzbekistan,UZB,2020,397
Uzbekistan,UZB,2021,466
Uzbekistan,UZB,2022,314
Uzbekistan,UZB,2023,243
Uzbekistan,UZB,2024,145
Uzbekistan,UZB,2025,281
Uzbekistan,UZB,2026,155
Vanuatu,VUT,2012,81
Vanuatu,VUT,2013,97
Vanuatu,VUT,2014,93
Vanuatu,VUT,2015,117
Vanuatu,VUT,2016,75
Vanuatu,VUT,2017,98
Vanuatu,VUT,2018,86
Vanuatu,VUT,2019,34
Vanuatu,VUT,2020,32
Vanuatu,VUT,2021,34
Vanuatu,VUT,2022,31
Vanuatu,VUT,2023,33
Vanuatu,VUT,2024,27
Vanuatu,VUT,2025,15
Vanuatu,VUT,2026,10
Vatican,VAT,2012,0
Vatican,VAT,2013,0
Vatican,VAT,2014,0
Vatican,VAT,2015,0
Vatican,VAT,2016,0
Vatican,VAT,2017,0
Vatican,VAT,2018,0
Vatican,VAT,2019,0
Vatican,VAT,2020,0
Vatican,VAT,2021,0
Vatican,VAT,2022,0
Vatican,VAT,2023,0
Vatican,VAT,2024,0
Vatican,VAT,2025,0
Vatican,VAT,2026,0
Venezuela,VEN,2012,6126
Venezuela,VEN,2013,12105
Venezuela,VEN,2014,12790
Venezuela,VEN,2015,10862
Venezuela,VEN,2016,11840
Venezuela,VEN,2017,8784
Venezuela,VEN,2018,10103
Venezuela,VEN,2019,15924
Venezuela,VEN,2020,20523
Venezuela,VEN,2021,8367
Venezuela,VEN,2022,12899
Venezuela,VEN,2023,17082
Venezuela,VEN,2024,19694
Venezuela,VEN,2025,16944
Venezuela,VEN,2026,19081
Vietnam,VNM,2012,3880
Vietnam,VNM,2013,3482
Vietnam,VNM,2014,4754
Vietnam,VNM,2015,4332
Vietnam,VNM,2016,4040
Vietnam,VNM,2017,1716
Vietnam,VNM,2018,1747
Vietnam,VNM,2019,2983
Vietnam,VNM,2020,3086
Vietnam,VNM,2021,2097
Vietnam,VNM,2022,1464
Vietnam,VNM,2023,2137
Vietnam,VNM,2024,1948
Vietnam,VNM,2025,1298
Vietnam,VNM,2026,2023
Wallis and Futuna,WLF,2012,0
Wallis and Futuna,WLF,2013,0
Wallis and Futuna,WLF,2014,0
Wallis and Futuna,WLF,2015,0
Wallis and Futuna,WLF,2016,0
Wallis and Futuna,WLF,2017,0
Wallis and Futuna,WLF,2018,0
Wallis and Futuna,WLF,2019,0
Wallis and Futuna,WLF,2020,0
Wallis and Futuna,WLF,2021,0
Wallis and Futuna,WLF,2022,0
Wallis and Futuna,WLF,2023,0
Wallis and Futuna,WLF,2024,0
Wallis and Futuna,WLF,2025,0
Wallis and Futuna,WLF,2026,0
Western Sahara,ESH,2012,0
Western Sahara,ESH,2013,0
Western Sahara,ESH,2014,0
Western Sahara,ESH,2015,0
Western Sahara,ESH,2016,0
Western Sahara,ESH,2017,0
Western Sahara,ESH,2018,1
Western Sahara,ESH,2019,0
Western Sahara,ESH,2020,1
Western Sahara,ESH,2021,0
Western Sahara,ESH,2022,0
Western Sahara,ESH,2023,0
Western Sahara,ESH,2024,0
Western Sahara,ESH,2025,0
Western Sahara,ESH,2026,0
World,OWID_WRL,2012,914381
World,OWID_WRL,2013,922075
World,OWID_WRL,2014,948416
World,OWID_WRL,2015,1016417
World,OWID_WRL,2016,970983
World,OWID_WRL,2017,928097
World,OWID_WRL,2018,811680
World,OWID_WRL,2019,916079
World,OWID_WRL,2020,955956
World,OWID_WRL,2021,892620
World,OWID_WRL,2022,873061
World,OWID_WRL,2023,884762
World,OWID_WRL,2024,841474
World,OWID_WRL,2025,798514
World,OWID_WRL,2026,329805
Yemen,YEM,2012,3
Yemen,YEM,2013,6
Yemen,YEM,2014,8
Yemen,YEM,2015,3
Yemen,YEM,2016,0
Yemen,YEM,2017,3
Yemen,YEM,2018,6
Yemen,YEM,2019,4
Yemen,YEM,2020,2
Yemen,YEM,2021,9
Yemen,YEM,2022,7
Yemen,YEM,2023,3
Yemen,YEM,2024,1
Yemen,YEM,2025,11
Yemen,YEM,2026,3
Zambia,ZMB,2012,58450
Zambia,ZMB,2013,58019
Zambia,ZMB,2014,53078
Zambia,ZMB,2015,57506
Zambia,ZMB,2016,57063
Zambia,ZMB,2017,51544
Zambia,ZMB,2018,54792
Zambia,ZMB,2019,53157
Zambia,ZMB,2020,46782
Zambia,ZMB,2021,46016
Zambia,ZMB,2022,50502
Zambia,ZMB,2023,48821
Zambia,ZMB,2024,45747
Zambia,ZMB,2025,45012
Zambia,ZMB,2026,112
Zimbabwe,ZWE,2012,7517
Zimbabwe,ZWE,2013,6458
Zimbabwe,ZWE,2014,7015
Zimbabwe,ZWE,2015,7205
Zimbabwe,ZWE,2016,5405
Zimbabwe,ZWE,2017,5790
Zimbabwe,ZWE,2018,7429
Zimbabwe,ZWE,2019,6730
Zimbabwe,ZWE,2020,3439
Zimbabwe,ZWE,2021,5811
Zimbabwe,ZWE,2022,6664
Zimbabwe,ZWE,2023,6659
Zimbabwe,ZWE,2024,3819
Zimbabwe,ZWE,2025,4093
Zimbabwe,ZWE,2026,70